customer_id,customer_category
csid_10739,1
csid_10740,0
csid_10741,0
csid_10742,1
csid_10743,0
csid_10744,0
csid_10745,1
csid_10746,1
csid_10747,0
csid_10748,1
csid_10749,0
csid_10750,1
csid_10751,0
csid_10752,0
csid_10753,0
csid_10754,1
csid_10755,1
csid_10756,1
csid_10757,0
csid_10758,0
csid_10759,0
csid_10760,0
csid_10761,1
csid_10762,0
csid_10763,1
csid_10764,0
csid_10765,0
csid_10766,1
csid_10767,0
csid_10768,0
csid_10769,1
csid_10770,0
csid_10771,0
csid_10772,1
csid_10773,1
csid_10774,0
csid_10775,1
csid_10776,1
csid_10777,0
csid_10778,0
csid_10779,0
csid_10780,0
csid_10781,0
csid_10782,1
csid_10783,0
csid_10784,1
csid_10785,1
csid_10786,1
csid_10787,0
csid_10788,0
csid_10789,1
csid_10790,1
csid_10791,0
csid_10792,1
csid_10793,1
csid_10794,1
csid_10795,0
csid_10796,0
csid_10797,0
csid_10798,1
csid_10799,0
csid_10800,0
csid_10801,1
csid_10802,1
csid_10803,0
csid_10804,0
csid_10805,0
csid_10806,0
csid_10807,1
csid_10808,0
csid_10809,0
csid_10810,0
csid_10811,0
csid_10812,0
csid_10813,1
csid_10814,1
csid_10815,0
csid_10816,1
csid_10817,1
csid_10818,0
csid_10819,1
csid_10820,0
csid_10821,1
csid_10822,1
csid_10823,0
csid_10824,0
csid_10825,0
csid_10826,0
csid_10827,1
csid_10828,0
csid_10829,0
csid_10830,1
csid_10831,0
csid_10832,0
csid_10833,1
csid_10834,0
csid_10835,1
csid_10836,0
csid_10837,0
csid_10838,1
csid_10839,0
csid_10840,0
csid_10841,0
csid_10842,1
csid_10843,1
csid_10844,0
csid_10845,0
csid_10846,0
csid_10847,0
csid_10848,1
csid_10849,1
csid_10850,0
csid_10851,1
csid_10852,0
csid_10853,1
csid_10854,0
csid_10855,1
csid_10856,0
csid_10857,1
csid_10858,0
csid_10859,1
csid_10860,1
csid_10861,0
csid_10862,1
csid_10863,1
csid_10864,0
csid_10865,0
csid_10866,1
csid_10867,0
csid_10868,0
csid_10869,0
csid_10870,0
csid_10871,1
csid_10872,1
csid_10873,1
csid_10874,0
csid_10875,0
csid_10876,0
csid_10877,1
csid_10878,1
csid_10879,0
csid_10880,0
csid_10881,1
csid_10882,1
csid_10883,0
csid_10884,1
csid_10885,1
csid_10886,1
csid_10887,0
csid_10888,0
csid_10889,1
csid_10890,0
csid_10891,0
csid_10892,1
csid_10893,1
csid_10894,0
csid_10895,0
csid_10896,1
csid_10897,0
csid_10898,0
csid_10899,1
csid_10900,1
csid_10901,1
csid_10902,1
csid_10903,0
csid_10904,1
csid_10905,0
csid_10906,0
csid_10907,1
csid_10908,1
csid_10909,1
csid_10910,0
csid_10911,0
csid_10912,0
csid_10913,1
csid_10914,0
csid_10915,0
csid_10916,0
csid_10917,1
csid_10918,1
csid_10919,0
csid_10920,0
csid_10921,0
csid_10922,0
csid_10923,1
csid_10924,1
csid_10925,1
csid_10926,1
csid_10927,1
csid_10928,1
csid_10929,0
csid_10930,0
csid_10931,0
csid_10932,1
csid_10933,1
csid_10934,0
csid_10935,1
csid_10936,1
csid_10937,1
csid_10938,0
csid_10939,0
csid_10940,0
csid_10941,1
csid_10942,0
csid_10943,1
csid_10944,1
csid_10945,0
csid_10946,1
csid_10947,1
csid_10948,1
csid_10949,1
csid_10950,1
csid_10951,0
csid_10952,1
csid_10953,1
csid_10954,1
csid_10955,1
csid_10956,1
csid_10957,0
csid_10958,1
csid_10959,0
csid_10960,0
csid_10961,1
csid_10962,1
csid_10963,1
csid_10964,1
csid_10965,1
csid_10966,0
csid_10967,0
csid_10968,0
csid_10969,0
csid_10970,0
csid_10971,0
csid_10972,0
csid_10973,0
csid_10974,1
csid_10975,0
csid_10976,1
csid_10977,0
csid_10978,0
csid_10979,0
csid_10980,0
csid_10981,0
csid_10982,0
csid_10983,1
csid_10984,0
csid_10985,1
csid_10986,1
csid_10987,1
csid_10988,1
csid_10989,1
csid_10990,0
csid_10991,0
csid_10992,1
csid_10993,0
csid_10994,1
csid_10995,0
csid_10996,1
csid_10997,0
csid_10998,0
csid_10999,0
csid_11000,0
csid_11001,0
csid_11002,0
csid_11003,0
csid_11004,1
csid_11005,1
csid_11006,0
csid_11007,1
csid_11008,0
csid_11009,1
csid_11010,0
csid_11011,0
csid_11012,0
csid_11013,0
csid_11014,1
csid_11015,0
csid_11016,0
csid_11017,0
csid_11018,1
csid_11019,0
csid_11020,1
csid_11021,0
csid_11022,1
csid_11023,0
csid_11024,0
csid_11025,1
csid_11026,0
csid_11027,1
csid_11028,0
csid_11029,0
csid_11030,0
csid_11031,0
csid_11032,1
csid_11033,1
csid_11034,0
csid_11035,0
csid_11036,1
csid_11037,1
csid_11038,0
csid_11039,0
csid_11040,1
csid_11041,0
csid_11042,0
csid_11043,1
csid_11044,0
csid_11045,1
csid_11046,1
csid_11047,1
csid_11048,0
csid_11049,0
csid_11050,0
csid_11051,0
csid_11052,0
csid_11053,1
csid_11054,0
csid_11055,0
csid_11056,1
csid_11057,1
csid_11058,1
csid_11059,1
csid_11060,1
csid_11061,1
csid_11062,1
csid_11063,1
csid_11064,1
csid_11065,1
csid_11066,1
csid_11067,1
csid_11068,0
csid_11069,1
csid_11070,1
csid_11071,0
csid_11072,0
csid_11073,1
csid_11074,0
csid_11075,1
csid_11076,1
csid_11077,1
csid_11078,1
csid_11079,1
csid_11080,1
csid_11081,1
csid_11082,1
csid_11083,1
csid_11084,0
csid_11085,0
csid_11086,1
csid_11087,0
csid_11088,0
csid_11089,0
csid_11090,0
csid_11091,1
csid_11092,1
csid_11093,1
csid_11094,0
csid_11095,1
csid_11096,0
csid_11097,0
csid_11098,1
csid_11099,0
csid_11100,0
csid_11101,0
csid_11102,0
csid_11103,1
csid_11104,1
csid_11105,1
csid_11106,0
csid_11107,0
csid_11108,1
csid_11109,0
csid_11110,0
csid_11111,0
csid_11112,1
csid_11113,1
csid_11114,1
csid_11115,0
csid_11116,1
csid_11117,0
csid_11118,1
csid_11119,1
csid_11120,1
csid_11121,1
csid_11122,1
csid_11123,0
csid_11124,0
csid_11125,0
csid_11126,1
csid_11127,1
csid_11128,0
csid_11129,1
csid_11130,0
csid_11131,1
csid_11132,0
csid_11133,0
csid_11134,0
csid_11135,1
csid_11136,0
csid_11137,0
csid_11138,1
csid_11139,1
csid_11140,0
csid_11141,0
csid_11142,1
csid_11143,0
csid_11144,1
csid_11145,0
csid_11146,0
csid_11147,1
csid_11148,0
csid_11149,0
csid_11150,1
csid_11151,0
csid_11152,1
csid_11153,0
csid_11154,0
csid_11155,1
csid_11156,0
csid_11157,0
csid_11158,0
csid_11159,1
csid_11160,0
csid_11161,0
csid_11162,1
csid_11163,1
csid_11164,0
csid_11165,1
csid_11166,1
csid_11167,0
csid_11168,0
csid_11169,1
csid_11170,1
csid_11171,0
csid_11172,0
csid_11173,1
csid_11174,0
csid_11175,1
csid_11176,0
csid_11177,0
csid_11178,0
csid_11179,1
csid_11180,1
csid_11181,1
csid_11182,0
csid_11183,0
csid_11184,1
csid_11185,0
csid_11186,0
csid_11187,0
csid_11188,0
csid_11189,0
csid_11190,1
csid_11191,1
csid_11192,0
csid_11193,0
csid_11194,0
csid_11195,1
csid_11196,0
csid_11197,1
csid_11198,1
csid_11199,1
csid_11200,1
csid_11201,1
csid_11202,1
csid_11203,1
csid_11204,0
csid_11205,1
csid_11206,0
csid_11207,1
csid_11208,1
csid_11209,0
csid_11210,1
csid_11211,1
csid_11212,0
csid_11213,0
csid_11214,1
csid_11215,1
csid_11216,0
csid_11217,0
csid_11218,1
csid_11219,1
csid_11220,0
csid_11221,0
csid_11222,1
csid_11223,1
csid_11224,0
csid_11225,1
csid_11226,1
csid_11227,0
csid_11228,1
csid_11229,1
csid_11230,1
csid_11231,0
csid_11232,1
csid_11233,1
csid_11234,0
csid_11235,1
csid_11236,1
csid_11237,0
csid_11238,1
csid_11239,1
csid_11240,1
csid_11241,0
csid_11242,0
csid_11243,1
csid_11244,1
csid_11245,1
csid_11246,0
csid_11247,0
csid_11248,0
csid_11249,1
csid_11250,1
csid_11251,0
csid_11252,1
csid_11253,0
csid_11254,0
csid_11255,1
csid_11256,1
csid_11257,0
csid_11258,0
csid_11259,0
csid_11260,1
csid_11261,0
csid_11262,0
csid_11263,1
csid_11264,0
csid_11265,0
csid_11266,0
csid_11267,1
csid_11268,1
csid_11269,0
csid_11270,0
csid_11271,0
csid_11272,1
csid_11273,0
csid_11274,0
csid_11275,0
csid_11276,0
csid_11277,0
csid_11278,1
csid_11279,1
csid_11280,0
csid_11281,1
csid_11282,1
csid_11283,0
csid_11284,1
csid_11285,1
csid_11286,1
csid_11287,0
csid_11288,1
csid_11289,0
csid_11290,1
csid_11291,1
csid_11292,1
csid_11293,0
csid_11294,1
csid_11295,0
csid_11296,0
csid_11297,1
csid_11298,1
csid_11299,1
csid_11300,1
csid_11301,0
csid_11302,1
csid_11303,1
csid_11304,1
csid_11305,1
csid_11306,1
csid_11307,0
csid_11308,0
csid_11309,0
csid_11310,0
csid_11311,0
csid_11312,1
csid_11313,0
csid_11314,0
csid_11315,1
csid_11316,1
csid_11317,0
csid_11318,1
csid_11319,0
csid_11320,1
csid_11321,0
csid_11322,0
csid_11323,1
csid_11324,0
csid_11325,0
csid_11326,0
csid_11327,0
csid_11328,0
csid_11329,1
csid_11330,0
csid_11331,0
csid_11332,1
csid_11333,0
csid_11334,1
csid_11335,1
csid_11336,1
csid_11337,1
csid_11338,0
csid_11339,0
csid_11340,0
csid_11341,1
csid_11342,1
csid_11343,1
csid_11344,0
csid_11345,1
csid_11346,0
csid_11347,0
csid_11348,0
csid_11349,0
csid_11350,0
csid_11351,1
csid_11352,1
csid_11353,0
csid_11354,0
csid_11355,0
csid_11356,0
csid_11357,0
csid_11358,1
csid_11359,0
csid_11360,0
csid_11361,0
csid_11362,0
csid_11363,1
csid_11364,1
csid_11365,0
csid_11366,0
csid_11367,1
csid_11368,0
csid_11369,0
csid_11370,0
csid_11371,0
csid_11372,1
csid_11373,0
csid_11374,0
csid_11375,0
csid_11376,0
csid_11377,1
csid_11378,1
csid_11379,0
csid_11380,0
csid_11381,0
csid_11382,0
csid_11383,0
csid_11384,0
csid_11385,0
csid_11386,0
csid_11387,1
csid_11388,1
csid_11389,0
csid_11390,0
csid_11391,0
csid_11392,0
csid_11393,1
csid_11394,1
csid_11395,1
csid_11396,0
csid_11397,1
csid_11398,0
csid_11399,0
csid_11400,0
csid_11401,0
csid_11402,0
csid_11403,1
csid_11404,1
csid_11405,1
csid_11406,0
csid_11407,0
csid_11408,1
csid_11409,1
csid_11410,0
csid_11411,1
csid_11412,0
csid_11413,1
csid_11414,1
csid_11415,0
csid_11416,0
csid_11417,0
csid_11418,1
csid_11419,1
csid_11420,1
csid_11421,1
csid_11422,1
csid_11423,1
csid_11424,0
csid_11425,0
csid_11426,0
csid_11427,1
csid_11428,1
csid_11429,1
csid_11430,0
csid_11431,1
csid_11432,0
csid_11433,0
csid_11434,1
csid_11435,0
csid_11436,1
csid_11437,0
csid_11438,1
csid_11439,0
csid_11440,1
csid_11441,1
csid_11442,1
csid_11443,0
csid_11444,0
csid_11445,0
csid_11446,1
csid_11447,0
csid_11448,1
csid_11449,0
csid_11450,1
csid_11451,0
csid_11452,0
csid_11453,0
csid_11454,1
csid_11455,1
csid_11456,1
csid_11457,1
csid_11458,0
csid_11459,0
csid_11460,0
csid_11461,0
csid_11462,1
csid_11463,1
csid_11464,0
csid_11465,1
csid_11466,1
csid_11467,0
csid_11468,1
csid_11469,1
csid_11470,1
csid_11471,1
csid_11472,1
csid_11473,1
csid_11474,0
csid_11475,0
csid_11476,1
csid_11477,1
csid_11478,0
csid_11479,0
csid_11480,0
csid_11481,1
csid_11482,1
csid_11483,1
csid_11484,0
csid_11485,1
csid_11486,0
csid_11487,0
csid_11488,0
csid_11489,0
csid_11490,1
csid_11491,1
csid_11492,0
csid_11493,1
csid_11494,0
csid_11495,0
csid_11496,0
csid_11497,0
csid_11498,1
csid_11499,1
csid_11500,1
csid_11501,0
csid_11502,1
csid_11503,0
csid_11504,1
csid_11505,0
csid_11506,0
csid_11507,1
csid_11508,0
csid_11509,0
csid_11510,1
csid_11511,1
csid_11512,0
csid_11513,0
csid_11514,1
csid_11515,1
csid_11516,0
csid_11517,0
csid_11518,0
csid_11519,0
csid_11520,0
csid_11521,0
csid_11522,1
csid_11523,0
csid_11524,0
csid_11525,1
csid_11526,0
csid_11527,0
csid_11528,0
csid_11529,1
csid_11530,1
csid_11531,1
csid_11532,1
csid_11533,0
csid_11534,0
csid_11535,1
csid_11536,1
csid_11537,0
csid_11538,0
csid_11539,1
csid_11540,0
csid_11541,0
csid_11542,1
csid_11543,0
csid_11544,0
csid_11545,0
csid_11546,0
csid_11547,0
csid_11548,1
csid_11549,0
csid_11550,1
csid_11551,0
csid_11552,1
csid_11553,1
csid_11554,0
csid_11555,0
csid_11556,1
csid_11557,1
csid_11558,0
csid_11559,0
csid_11560,1
csid_11561,1
csid_11562,0
csid_11563,0
csid_11564,1
csid_11565,1
csid_11566,0
csid_11567,0
csid_11568,1
csid_11569,1
csid_11570,0
csid_11571,1
csid_11572,1
csid_11573,0
csid_11574,1
csid_11575,1
csid_11576,0
csid_11577,1
csid_11578,1
csid_11579,1
csid_11580,1
csid_11581,0
csid_11582,0
csid_11583,0
csid_11584,1
csid_11585,1
csid_11586,1
csid_11587,0
csid_11588,0
csid_11589,0
csid_11590,1
csid_11591,0
csid_11592,1
csid_11593,0
csid_11594,1
csid_11595,1
csid_11596,1
csid_11597,1
csid_11598,1
csid_11599,0
csid_11600,0
csid_11601,1
csid_11602,1
csid_11603,1
csid_11604,0
csid_11605,0
csid_11606,0
csid_11607,1
csid_11608,1
csid_11609,0
csid_11610,0
csid_11611,0
csid_11612,1
csid_11613,0
csid_11614,0
csid_11615,1
csid_11616,0
csid_11617,0
csid_11618,0
csid_11619,0
csid_11620,0
csid_11621,1
csid_11622,1
csid_11623,0
csid_11624,1
csid_11625,0
csid_11626,0
csid_11627,1
csid_11628,1
csid_11629,1
csid_11630,0
csid_11631,0
csid_11632,0
csid_11633,0
csid_11634,0
csid_11635,0
csid_11636,1
csid_11637,0
csid_11638,0
csid_11639,1
csid_11640,0
csid_11641,0
csid_11642,1
csid_11643,0
csid_11644,1
csid_11645,0
csid_11646,1
csid_11647,0
csid_11648,0
csid_11649,1
csid_11650,0
csid_11651,0
csid_11652,1
csid_11653,0
csid_11654,1
csid_11655,1
csid_11656,0
csid_11657,0
csid_11658,1
csid_11659,1
csid_11660,0
csid_11661,0
csid_11662,0
csid_11663,1
csid_11664,0
csid_11665,0
csid_11666,1
csid_11667,1
csid_11668,0
csid_11669,1
csid_11670,1
csid_11671,0
csid_11672,0
csid_11673,1
csid_11674,0
csid_11675,1
csid_11676,0
csid_11677,0
csid_11678,0
csid_11679,1
csid_11680,1
csid_11681,0
csid_11682,1
csid_11683,1
csid_11684,1
csid_11685,0
csid_11686,0
csid_11687,0
csid_11688,0
csid_11689,1
csid_11690,0
csid_11691,1
csid_11692,0
csid_11693,1
csid_11694,0
csid_11695,1
csid_11696,0
csid_11697,0
csid_11698,1
csid_11699,1
csid_11700,0
csid_11701,1
csid_11702,0
csid_11703,0
csid_11704,0
csid_11705,0
csid_11706,0
csid_11707,1
csid_11708,0
csid_11709,1
csid_11710,0
csid_11711,1
csid_11712,0
csid_11713,1
csid_11714,0
csid_11715,1
csid_11716,0
csid_11717,0
csid_11718,0
csid_11719,0
csid_11720,0
csid_11721,1
csid_11722,0
csid_11723,1
csid_11724,0
csid_11725,1
csid_11726,0
csid_11727,0
csid_11728,0
csid_11729,0
csid_11730,0
csid_11731,0
csid_11732,1
csid_11733,0
csid_11734,1
csid_11735,0
csid_11736,0
csid_11737,0
csid_11738,0
csid_11739,0
csid_11740,0
csid_11741,1
csid_11742,0
csid_11743,0
csid_11744,0
csid_11745,0
csid_11746,0
csid_11747,1
csid_11748,0
csid_11749,0
csid_11750,0
csid_11751,1
csid_11752,1
csid_11753,1
csid_11754,0
csid_11755,0
csid_11756,0
csid_11757,0
csid_11758,0
csid_11759,0
csid_11760,1
csid_11761,0
csid_11762,0
csid_11763,1
csid_11764,1
csid_11765,1
csid_11766,0
csid_11767,0
csid_11768,0
csid_11769,0
csid_11770,0
csid_11771,1
csid_11772,1
csid_11773,0
csid_11774,0
csid_11775,0
csid_11776,0
csid_11777,1
csid_11778,0
csid_11779,0
csid_11780,0
csid_11781,0
csid_11782,1
csid_11783,0
csid_11784,0
csid_11785,0
csid_11786,0
csid_11787,0
csid_11788,0
csid_11789,0
csid_11790,0
csid_11791,1
csid_11792,1
csid_11793,1
csid_11794,0
csid_11795,0
csid_11796,0
csid_11797,1
csid_11798,1
csid_11799,1
csid_11800,0
csid_11801,1
csid_11802,0
csid_11803,0
csid_11804,1
csid_11805,0
csid_11806,0
csid_11807,0
csid_11808,0
csid_11809,0
csid_11810,1
csid_11811,0
csid_11812,0
csid_11813,0
csid_11814,0
csid_11815,0
csid_11816,0
csid_11817,0
csid_11818,1
csid_11819,1
csid_11820,1
csid_11821,0
csid_11822,0
csid_11823,0
csid_11824,1
csid_11825,0
csid_11826,0
csid_11827,0
csid_11828,0
csid_11829,0
csid_11830,1
csid_11831,0
csid_11832,0
csid_11833,0
csid_11834,1
csid_11835,0
csid_11836,1
csid_11837,0
csid_11838,0
csid_11839,0
csid_11840,1
csid_11841,1
csid_11842,1
csid_11843,0
csid_11844,1
csid_11845,0
csid_11846,1
csid_11847,0
csid_11848,0
csid_11849,0
csid_11850,0
csid_11851,1
csid_11852,0
csid_11853,1
csid_11854,0
csid_11855,0
csid_11856,1
csid_11857,0
csid_11858,0
csid_11859,0
csid_11860,0
csid_11861,1
csid_11862,0
csid_11863,0
csid_11864,1
csid_11865,0
csid_11866,0
csid_11867,0
csid_11868,1
csid_11869,0
csid_11870,0
csid_11871,0
csid_11872,0
csid_11873,0
csid_11874,0
csid_11875,0
csid_11876,0
csid_11877,1
csid_11878,0
csid_11879,1
csid_11880,0
csid_11881,0
csid_11882,0
csid_11883,0
csid_11884,0
csid_11885,0
csid_11886,0
csid_11887,0
csid_11888,1
csid_11889,0
csid_11890,0
csid_11891,1
csid_11892,0
csid_11893,1
csid_11894,0
csid_11895,0
csid_11896,0
csid_11897,0
csid_11898,0
csid_11899,0
csid_11900,0
csid_11901,0
csid_11902,1
csid_11903,1
csid_11904,0
csid_11905,0
csid_11906,0
csid_11907,0
csid_11908,0
csid_11909,0
csid_11910,1
csid_11911,0
csid_11912,0
csid_11913,0
csid_11914,0
csid_11915,0
csid_11916,1
csid_11917,0
csid_11918,0
csid_11919,1
csid_11920,0
csid_11921,0
csid_11922,0
csid_11923,0
csid_11924,0
csid_11925,0
csid_11926,0
csid_11927,0
csid_11928,0
csid_11929,0
csid_11930,0
csid_11931,0
csid_11932,0
csid_11933,0
csid_11934,0
csid_11935,0
csid_11936,0
csid_11937,0
csid_11938,0
csid_11939,0
csid_11940,0
csid_11941,0
csid_11942,0
csid_11943,1
csid_11944,0
csid_11945,0
csid_11946,1
csid_11947,0
csid_11948,1
csid_11949,1
csid_11950,0
csid_11951,0
csid_11952,1
csid_11953,0
csid_11954,0
csid_11955,0
csid_11956,1
csid_11957,0
csid_11958,1
csid_11959,0
csid_11960,0
csid_11961,1
csid_11962,1
csid_11963,0
csid_11964,0
csid_11965,1
csid_11966,1
csid_11967,0
csid_11968,1
csid_11969,0
csid_11970,0
csid_11971,0
csid_11972,1
csid_11973,0
csid_11974,0
csid_11975,1
csid_11976,0
csid_11977,1
csid_11978,1
csid_11979,1
csid_11980,1
csid_11981,0
csid_11982,0
csid_11983,1
csid_11984,0
csid_11985,0
csid_11986,0
csid_11987,0
csid_11988,1
csid_11989,0
csid_11990,0
csid_11991,1
csid_11992,0
csid_11993,0
csid_11994,1
csid_11995,0
csid_11996,1
csid_11997,1
csid_11998,0
csid_11999,1
csid_12000,0
csid_12001,0
csid_12002,1
csid_12003,1
csid_12004,1
csid_12005,0
csid_12006,0
csid_12007,0
csid_12008,0
csid_12009,0
csid_12010,0
csid_12011,0
csid_12012,0
csid_12013,0
csid_12014,0
csid_12015,1
csid_12016,1
csid_12017,1
csid_12018,1
csid_12019,0
csid_12020,0
csid_12021,1
csid_12022,0
csid_12023,0
csid_12024,0
csid_12025,0
csid_12026,1
csid_12027,0
csid_12028,1
csid_12029,1
csid_12030,0
csid_12031,0
csid_12032,0
csid_12033,1
csid_12034,0
csid_12035,0
csid_12036,1
csid_12037,0
csid_12038,0
csid_12039,1
csid_12040,1
csid_12041,0
csid_12042,0
csid_12043,0
csid_12044,0
csid_12045,1
csid_12046,0
csid_12047,0
csid_12048,0
csid_12049,0
csid_12050,0
csid_12051,0
csid_12052,1
csid_12053,1
csid_12054,0
csid_12055,1
csid_12056,1
csid_12057,0
csid_12058,0
csid_12059,0
csid_12060,0
csid_12061,0
csid_12062,1
csid_12063,0
csid_12064,0
csid_12065,0
csid_12066,0
csid_12067,0
csid_12068,0
csid_12069,0
csid_12070,0
csid_12071,0
csid_12072,1
csid_12073,1
csid_12074,0
csid_12075,0
csid_12076,1
csid_12077,1
csid_12078,0
csid_12079,1
csid_12080,0
csid_12081,1
csid_12082,0
csid_12083,0
csid_12084,0
csid_12085,0
csid_12086,0
csid_12087,1
csid_12088,0
csid_12089,0
csid_12090,0
csid_12091,0
csid_12092,0
csid_12093,0
csid_12094,0
csid_12095,0
csid_12096,0
csid_12097,0
csid_12098,0
csid_12099,0
csid_12100,0
csid_12101,0
csid_12102,1
csid_12103,1
csid_12104,1
csid_12105,0
csid_12106,0
csid_12107,0
csid_12108,0
csid_12109,0
csid_12110,0
csid_12111,0
csid_12112,1
csid_12113,1
csid_12114,1
csid_12115,0
csid_12116,1
csid_12117,1
csid_12118,0
csid_12119,0
csid_12120,0
csid_12121,0
csid_12122,0
csid_12123,0
csid_12124,0
csid_12125,0
csid_12126,1
csid_12127,0
csid_12128,0
csid_12129,0
csid_12130,0
csid_12131,0
csid_12132,0
csid_12133,0
csid_12134,1
csid_12135,0
csid_12136,1
csid_12137,0
csid_12138,1
csid_12139,0
csid_12140,0
csid_12141,0
csid_12142,0
csid_12143,0
csid_12144,0
csid_12145,0
csid_12146,0
csid_12147,1
csid_12148,0
csid_12149,0
csid_12150,0
csid_12151,1
csid_12152,0
csid_12153,0
csid_12154,1
csid_12155,0
csid_12156,0
csid_12157,0
csid_12158,0
csid_12159,0
csid_12160,0
csid_12161,0
csid_12162,0
csid_12163,1
csid_12164,0
csid_12165,1
csid_12166,0
csid_12167,1
csid_12168,0
csid_12169,0
csid_12170,1
csid_12171,1
csid_12172,1
csid_12173,1
csid_12174,0
csid_12175,1
csid_12176,0
csid_12177,0
csid_12178,0
csid_12179,0
csid_12180,0
csid_12181,0
csid_12182,1
csid_12183,0
csid_12184,0
csid_12185,0
csid_12186,0
csid_12187,0
csid_12188,0
csid_12189,0
csid_12190,1
csid_12191,1
csid_12192,1
csid_12193,0
csid_12194,1
csid_12195,0
csid_12196,1
csid_12197,0
csid_12198,1
csid_12199,0
csid_12200,1
csid_12201,0
csid_12202,0
csid_12203,1
csid_12204,0
csid_12205,0
csid_12206,1
csid_12207,1
csid_12208,1
csid_12209,0
csid_12210,0
csid_12211,0
csid_12212,0
csid_12213,0
csid_12214,0
csid_12215,0
csid_12216,0
csid_12217,0
csid_12218,0
csid_12219,1
csid_12220,0
csid_12221,1
csid_12222,0
csid_12223,0
csid_12224,0
csid_12225,0
csid_12226,0
csid_12227,0
csid_12228,1
csid_12229,0
csid_12230,0
csid_12231,1
csid_12232,0
csid_12233,1
csid_12234,1
csid_12235,0
csid_12236,1
csid_12237,0
csid_12238,1
csid_12239,0
csid_12240,1
csid_12241,1
csid_12242,0
csid_12243,0
csid_12244,1
csid_12245,1
csid_12246,0
csid_12247,0
csid_12248,1
csid_12249,0
csid_12250,0
csid_12251,0
csid_12252,0
csid_12253,0
csid_12254,0
csid_12255,0
csid_12256,0
csid_12257,0
csid_12258,1
csid_12259,0
csid_12260,0
csid_12261,0
csid_12262,1
csid_12263,1
csid_12264,1
csid_12265,0
csid_12266,0
csid_12267,1
csid_12268,1
csid_12269,1
csid_12270,0
csid_12271,0
csid_12272,1
csid_12273,1
csid_12274,0
csid_12275,1
csid_12276,0
csid_12277,1
csid_12278,0
csid_12279,0
csid_12280,0
csid_12281,1
csid_12282,1
csid_12283,1
csid_12284,0
csid_12285,1
csid_12286,0
csid_12287,1
csid_12288,1
csid_12289,1
csid_12290,1
csid_12291,1
csid_12292,0
csid_12293,0
csid_12294,0
csid_12295,0
csid_12296,1
csid_12297,0
csid_12298,0
csid_12299,1
csid_12300,1
csid_12301,1
csid_12302,0
csid_12303,1
csid_12304,0
csid_12305,0
csid_12306,0
csid_12307,1
csid_12308,0
csid_12309,1
csid_12310,1
csid_12311,1
csid_12312,0
csid_12313,1
csid_12314,0
csid_12315,0
csid_12316,0
csid_12317,0
csid_12318,0
csid_12319,0
csid_12320,0
csid_12321,1
csid_12322,0
csid_12323,1
csid_12324,0
csid_12325,1
csid_12326,0
csid_12327,0
csid_12328,1
csid_12329,1
csid_12330,0
csid_12331,0
csid_12332,1
csid_12333,0
csid_12334,0
csid_12335,1
csid_12336,1
csid_12337,0
csid_12338,1
csid_12339,0
csid_12340,0
csid_12341,1
csid_12342,1
csid_12343,1
csid_12344,0
csid_12345,1
csid_12346,0
csid_12347,1
csid_12348,0
csid_12349,1
csid_12350,0
csid_12351,0
csid_12352,0
csid_12353,0
csid_12354,0
csid_12355,0
csid_12356,1
csid_12357,0
csid_12358,0
csid_12359,0
csid_12360,1
csid_12361,1
csid_12362,0
csid_12363,0
csid_12364,1
csid_12365,0
csid_12366,1
csid_12367,1
csid_12368,0
csid_12369,1
csid_12370,1
csid_12371,0
csid_12372,1
csid_12373,0
csid_12374,0
csid_12375,1
csid_12376,1
csid_12377,1
csid_12378,0
csid_12379,1
csid_12380,1
csid_12381,1
csid_12382,1
csid_12383,1
csid_12384,1
csid_12385,1
csid_12386,0
csid_12387,0
csid_12388,0
csid_12389,0
csid_12390,0
csid_12391,0
csid_12392,1
csid_12393,1
csid_12394,1
csid_12395,0
csid_12396,1
csid_12397,1
csid_12398,0
csid_12399,0
csid_12400,0
csid_12401,0
csid_12402,1
csid_12403,0
csid_12404,0
csid_12405,0
csid_12406,0
csid_12407,0
csid_12408,0
csid_12409,0
csid_12410,1
csid_12411,1
csid_12412,1
csid_12413,0
csid_12414,0
csid_12415,1
csid_12416,1
csid_12417,0
csid_12418,1
csid_12419,0
csid_12420,0
csid_12421,1
csid_12422,0
csid_12423,0
csid_12424,0
csid_12425,0
csid_12426,0
csid_12427,0
csid_12428,0
csid_12429,1
csid_12430,0
csid_12431,1
csid_12432,0
csid_12433,1
csid_12434,0
csid_12435,0
csid_12436,1
csid_12437,1
csid_12438,0
csid_12439,0
csid_12440,0
csid_12441,0
csid_12442,1
csid_12443,0
csid_12444,0
csid_12445,0
csid_12446,0
csid_12447,0
csid_12448,0
csid_12449,0
csid_12450,0
csid_12451,0
csid_12452,0
csid_12453,1
csid_12454,0
csid_12455,0
csid_12456,1
csid_12457,1
csid_12458,0
csid_12459,0
csid_12460,0
csid_12461,0
csid_12462,1
csid_12463,0
csid_12464,0
csid_12465,0
csid_12466,1
csid_12467,0
csid_12468,1
csid_12469,1
csid_12470,0
csid_12471,0
csid_12472,0
csid_12473,1
csid_12474,0
csid_12475,1
csid_12476,1
csid_12477,0
csid_12478,0
csid_12479,1
csid_12480,1
csid_12481,1
csid_12482,0
csid_12483,0
csid_12484,0
csid_12485,1
csid_12486,0
csid_12487,1
csid_12488,0
csid_12489,1
csid_12490,1
csid_12491,1
csid_12492,1
csid_12493,0
csid_12494,0
csid_12495,1
csid_12496,0
csid_12497,0
csid_12498,0
csid_12499,0
csid_12500,0
csid_12501,0
csid_12502,0
csid_12503,0
csid_12504,0
csid_12505,0
csid_12506,0
csid_12507,1
csid_12508,1
csid_12509,0
csid_12510,0
csid_12511,0
csid_12512,0
csid_12513,1
csid_12514,0
csid_12515,0
csid_12516,0
csid_12517,0
csid_12518,1
csid_12519,0
csid_12520,1
csid_12521,0
csid_12522,0
csid_12523,0
csid_12524,0
csid_12525,0
csid_12526,0
csid_12527,0
csid_12528,0
csid_12529,0
csid_12530,0
csid_12531,0
csid_12532,0
csid_12533,0
csid_12534,0
csid_12535,0
csid_12536,0
csid_12537,0
csid_12538,0
csid_12539,0
csid_12540,0
csid_12541,0
csid_12542,0
csid_12543,0
csid_12544,0
csid_12545,0
csid_12546,0
csid_12547,0
csid_12548,1
csid_12549,0
csid_12550,0
csid_12551,0
csid_12552,1
csid_12553,0
csid_12554,0
csid_12555,1
csid_12556,0
csid_12557,0
csid_12558,1
csid_12559,0
csid_12560,1
csid_12561,0
csid_12562,0
csid_12563,0
csid_12564,0
csid_12565,0
csid_12566,1
csid_12567,1
csid_12568,0
csid_12569,1
csid_12570,0
csid_12571,0
csid_12572,0
csid_12573,1
csid_12574,1
csid_12575,0
csid_12576,0
csid_12577,0
csid_12578,0
csid_12579,0
csid_12580,1
csid_12581,0
csid_12582,0
csid_12583,1
csid_12584,0
csid_12585,0
csid_12586,0
csid_12587,1
csid_12588,0
csid_12589,0
csid_12590,0
csid_12591,1
csid_12592,0
csid_12593,0
csid_12594,1
csid_12595,1
csid_12596,1
csid_12597,1
csid_12598,0
csid_12599,0
csid_12600,0
csid_12601,1
csid_12602,0
csid_12603,0
csid_12604,1
csid_12605,0
csid_12606,1
csid_12607,0
csid_12608,0
csid_12609,1
csid_12610,0
csid_12611,1
csid_12612,0
csid_12613,0
csid_12614,0
csid_12615,0
csid_12616,0
csid_12617,1
csid_12618,0
csid_12619,0
csid_12620,1
csid_12621,1
csid_12622,0
csid_12623,0
csid_12624,0
csid_12625,0
csid_12626,0
csid_12627,0
csid_12628,0
csid_12629,0
csid_12630,0
csid_12631,0
csid_12632,0
csid_12633,1
csid_12634,1
csid_12635,1
csid_12636,0
csid_12637,0
csid_12638,1
csid_12639,0
csid_12640,1
csid_12641,1
csid_12642,1
csid_12643,0
csid_12644,0
csid_12645,1
csid_12646,1
csid_12647,1
csid_12648,1
csid_12649,1
csid_12650,0
csid_12651,0
csid_12652,1
csid_12653,1
csid_12654,1
csid_12655,0
csid_12656,0
csid_12657,1
csid_12658,0
csid_12659,0
csid_12660,0
csid_12661,1
csid_12662,0
csid_12663,1
csid_12664,1
csid_12665,0
csid_12666,0
csid_12667,1
csid_12668,0
csid_12669,0
csid_12670,1
csid_12671,1
csid_12672,1
csid_12673,0
csid_12674,1
csid_12675,0
csid_12676,1
csid_12677,0
csid_12678,0
csid_12679,0
csid_12680,0
csid_12681,1
csid_12682,1
csid_12683,0
csid_12684,0
csid_12685,0
csid_12686,0
csid_12687,0
csid_12688,1
csid_12689,0
csid_12690,0
csid_12691,0
csid_12692,0
csid_12693,1
csid_12694,0
csid_12695,1
csid_12696,1
csid_12697,1
csid_12698,0
csid_12699,0
csid_12700,0
csid_12701,1
csid_12702,1
csid_12703,1
csid_12704,0
csid_12705,0
csid_12706,0
csid_12707,1
csid_12708,1
csid_12709,1
csid_12710,0
csid_12711,0
csid_12712,1
csid_12713,1
csid_12714,1
csid_12715,0
csid_12716,1
csid_12717,1
csid_12718,0
csid_12719,0
csid_12720,1
csid_12721,1
csid_12722,0
csid_12723,1
csid_12724,1
csid_12725,0
csid_12726,1
csid_12727,0
csid_12728,1
csid_12729,0
csid_12730,1
csid_12731,1
csid_12732,0
csid_12733,1
csid_12734,0
csid_12735,0
csid_12736,0
csid_12737,0
csid_12738,0
csid_12739,0
csid_12740,0
csid_12741,1
csid_12742,0
csid_12743,1
csid_12744,0
csid_12745,0
csid_12746,0
csid_12747,0
csid_12748,1
csid_12749,1
csid_12750,0
csid_12751,0
csid_12752,1
csid_12753,1
csid_12754,0
csid_12755,1
csid_12756,1
csid_12757,1
csid_12758,1
csid_12759,1
csid_12760,1
csid_12761,1
csid_12762,0
csid_12763,0
csid_12764,1
csid_12765,0
csid_12766,0
csid_12767,0
csid_12768,0
csid_12769,1
csid_12770,0
csid_12771,1
csid_12772,0
csid_12773,1
csid_12774,1
csid_12775,1
csid_12776,1
csid_12777,1
csid_12778,0
csid_12779,1
csid_12780,1
csid_12781,1
csid_12782,0
csid_12783,0
csid_12784,0
csid_12785,1
csid_12786,1
csid_12787,1
csid_12788,0
csid_12789,1
csid_12790,1
csid_12791,0
csid_12792,0
csid_12793,1
csid_12794,1
csid_12795,0
csid_12796,0
csid_12797,0
csid_12798,1
csid_12799,1
csid_12800,0
csid_12801,1
csid_12802,1
csid_12803,0
csid_12804,0
csid_12805,0
csid_12806,0
csid_12807,0
csid_12808,0
csid_12809,0
csid_12810,1
csid_12811,0
csid_12812,1
csid_12813,0
csid_12814,0
csid_12815,0
csid_12816,1
csid_12817,0
csid_12818,0
csid_12819,1
csid_12820,1
csid_12821,1
csid_12822,1
csid_12823,1
csid_12824,0
csid_12825,0
csid_12826,1
csid_12827,1
csid_12828,0
csid_12829,1
csid_12830,1
csid_12831,0
csid_12832,0
csid_12833,0
csid_12834,0
csid_12835,1
csid_12836,0
csid_12837,0
csid_12838,1
csid_12839,0
csid_12840,0
csid_12841,0
csid_12842,0
csid_12843,0
csid_12844,0
csid_12845,1
csid_12846,1
csid_12847,0
csid_12848,1
csid_12849,0
csid_12850,0
csid_12851,1
csid_12852,0
csid_12853,0
csid_12854,0
csid_12855,0
csid_12856,0
csid_12857,0
csid_12858,1
csid_12859,0
csid_12860,1
csid_12861,1
csid_12862,0
csid_12863,0
csid_12864,1
csid_12865,0
csid_12866,0
csid_12867,1
csid_12868,0
csid_12869,0
csid_12870,0
csid_12871,1
csid_12872,1
csid_12873,1
csid_12874,1
csid_12875,0
csid_12876,1
csid_12877,0
csid_12878,0
csid_12879,1
csid_12880,1
csid_12881,0
csid_12882,0
csid_12883,1
csid_12884,0
csid_12885,0
csid_12886,0
csid_12887,0
csid_12888,0
csid_12889,0
csid_12890,1
csid_12891,0
csid_12892,0
csid_12893,0
csid_12894,0
csid_12895,0
csid_12896,1
csid_12897,0
csid_12898,0
csid_12899,0
csid_12900,0
csid_12901,0
csid_12902,0
csid_12903,0
csid_12904,1
csid_12905,0
csid_12906,1
csid_12907,0
csid_12908,0
csid_12909,0
csid_12910,0
csid_12911,0
csid_12912,1
csid_12913,0
csid_12914,1
csid_12915,1
csid_12916,1
csid_12917,0
csid_12918,0
csid_12919,0
csid_12920,0
csid_12921,0
csid_12922,0
csid_12923,0
csid_12924,0
csid_12925,0
csid_12926,0
csid_12927,1
csid_12928,1
csid_12929,1
csid_12930,0
csid_12931,1
csid_12932,0
csid_12933,1
csid_12934,0
csid_12935,0
csid_12936,0
csid_12937,0
csid_12938,0
csid_12939,1
csid_12940,0
csid_12941,0
csid_12942,0
csid_12943,0
csid_12944,1
csid_12945,0
csid_12946,0
csid_12947,1
csid_12948,0
csid_12949,0
csid_12950,1
csid_12951,0
csid_12952,1
csid_12953,0
csid_12954,0
csid_12955,0
csid_12956,0
csid_12957,1
csid_12958,0
csid_12959,1
csid_12960,0
csid_12961,0
csid_12962,0
csid_12963,0
csid_12964,0
csid_12965,1
csid_12966,1
csid_12967,0
csid_12968,0
csid_12969,0
csid_12970,0
csid_12971,0
csid_12972,1
csid_12973,0
csid_12974,0
csid_12975,0
csid_12976,0
csid_12977,1
csid_12978,0
csid_12979,1
csid_12980,1
csid_12981,1
csid_12982,0
csid_12983,0
csid_12984,0
csid_12985,1
csid_12986,0
csid_12987,1
csid_12988,1
csid_12989,1
csid_12990,0
csid_12991,0
csid_12992,0
csid_12993,1
csid_12994,0
csid_12995,0
csid_12996,0
csid_12997,1
csid_12998,0
csid_12999,0
csid_13000,0
csid_13001,1
csid_13002,0
csid_13003,0
csid_13004,0
csid_13005,1
csid_13006,0
csid_13007,0
csid_13008,1
csid_13009,0
csid_13010,0
csid_13011,0
csid_13012,0
csid_13013,1
csid_13014,0
csid_13015,1
csid_13016,1
csid_13017,1
csid_13018,0
csid_13019,0
csid_13020,1
csid_13021,0
csid_13022,0
csid_13023,0
csid_13024,0
csid_13025,0
csid_13026,0
csid_13027,1
csid_13028,0
csid_13029,1
csid_13030,1
csid_13031,0
csid_13032,1
csid_13033,0
csid_13034,0
csid_13035,0
csid_13036,1
csid_13037,0
csid_13038,0
csid_13039,0
csid_13040,0
csid_13041,1
csid_13042,0
csid_13043,0
csid_13044,0
csid_13045,0
csid_13046,0
csid_13047,1
csid_13048,0
csid_13049,0
csid_13050,1
csid_13051,1
csid_13052,1
csid_13053,0
csid_13054,0
csid_13055,1
csid_13056,0
csid_13057,0
csid_13058,0
csid_13059,0
csid_13060,0
csid_13061,1
csid_13062,1
csid_13063,0
csid_13064,0
csid_13065,1
csid_13066,0
csid_13067,0
csid_13068,0
csid_13069,0
csid_13070,0
csid_13071,1
csid_13072,0
csid_13073,0
csid_13074,0
csid_13075,1
csid_13076,0
csid_13077,1
csid_13078,0
csid_13079,0
csid_13080,1
csid_13081,0
csid_13082,1
csid_13083,0
csid_13084,0
csid_13085,1
csid_13086,0
csid_13087,0
csid_13088,0
csid_13089,1
csid_13090,0
csid_13091,1
csid_13092,0
csid_13093,1
csid_13094,1
csid_13095,0
csid_13096,0
csid_13097,1
csid_13098,1
csid_13099,0
csid_13100,1
csid_13101,1
csid_13102,1
csid_13103,0
csid_13104,0
csid_13105,0
csid_13106,1
csid_13107,0
csid_13108,1
csid_13109,0
csid_13110,1
csid_13111,0
csid_13112,1
csid_13113,0
csid_13114,1
csid_13115,1
csid_13116,0
csid_13117,1
csid_13118,0
csid_13119,0
csid_13120,0
csid_13121,0
csid_13122,0
csid_13123,0
csid_13124,0
csid_13125,1
csid_13126,0
csid_13127,0
csid_13128,0
csid_13129,0
csid_13130,0
csid_13131,0
csid_13132,0
csid_13133,1
csid_13134,0
csid_13135,0
csid_13136,1
csid_13137,0
csid_13138,1
csid_13139,0
csid_13140,0
csid_13141,0
csid_13142,1
csid_13143,0
csid_13144,0
csid_13145,1
csid_13146,0
csid_13147,0
csid_13148,0
csid_13149,1
csid_13150,0
csid_13151,1
csid_13152,0
csid_13153,0
csid_13154,0
csid_13155,0
csid_13156,0
csid_13157,0
csid_13158,0
csid_13159,0
csid_13160,0
csid_13161,1
csid_13162,1
csid_13163,0
csid_13164,0
csid_13165,0
csid_13166,0
csid_13167,0
csid_13168,1
csid_13169,0
csid_13170,0
csid_13171,0
csid_13172,0
csid_13173,1
csid_13174,0
csid_13175,0
csid_13176,0
csid_13177,0
csid_13178,0
csid_13179,1
csid_13180,0
csid_13181,0
csid_13182,0
csid_13183,1
csid_13184,0
csid_13185,1
csid_13186,1
csid_13187,0
csid_13188,1
csid_13189,1
csid_13190,0
csid_13191,0
csid_13192,0
csid_13193,0
csid_13194,1
csid_13195,0
csid_13196,0
csid_13197,0
csid_13198,0
csid_13199,1
csid_13200,0
csid_13201,1
csid_13202,0
csid_13203,1
csid_13204,0
csid_13205,0
csid_13206,0
csid_13207,1
csid_13208,0
csid_13209,1
csid_13210,1
csid_13211,1
csid_13212,1
csid_13213,0
csid_13214,1
csid_13215,0
csid_13216,1
csid_13217,0
csid_13218,0
csid_13219,0
csid_13220,0
csid_13221,1
csid_13222,0
csid_13223,1
csid_13224,1
csid_13225,0
csid_13226,0
csid_13227,0
csid_13228,0
csid_13229,1
csid_13230,0
csid_13231,0
csid_13232,0
csid_13233,0
csid_13234,1
csid_13235,0
csid_13236,0
csid_13237,0
csid_13238,1
csid_13239,1
csid_13240,1
csid_13241,0
csid_13242,0
csid_13243,0
csid_13244,1
csid_13245,1
csid_13246,1
csid_13247,1
csid_13248,0
csid_13249,1
csid_13250,0
csid_13251,0
csid_13252,0
csid_13253,0
csid_13254,0
csid_13255,0
csid_13256,0
csid_13257,0
csid_13258,0
csid_13259,0
csid_13260,1
csid_13261,0
csid_13262,1
csid_13263,0
csid_13264,1
csid_13265,0
csid_13266,1
csid_13267,0
csid_13268,0
csid_13269,0
csid_13270,0
csid_13271,1
csid_13272,1
csid_13273,1
csid_13274,1
csid_13275,0
csid_13276,0
csid_13277,0
csid_13278,1
csid_13279,0
csid_13280,0
csid_13281,0
csid_13282,0
csid_13283,0
csid_13284,0
csid_13285,0
csid_13286,0
csid_13287,0
csid_13288,0
csid_13289,0
csid_13290,0
csid_13291,0
csid_13292,1
csid_13293,1
csid_13294,1
csid_13295,0
csid_13296,0
csid_13297,1
csid_13298,0
csid_13299,1
csid_13300,0
csid_13301,0
csid_13302,1
csid_13303,0
csid_13304,1
csid_13305,0
csid_13306,0
csid_13307,1
csid_13308,1
csid_13309,0
csid_13310,0
csid_13311,0
csid_13312,0
csid_13313,0
csid_13314,0
csid_13315,1
csid_13316,0
csid_13317,0
csid_13318,1
csid_13319,1
csid_13320,0
csid_13321,0
csid_13322,1
csid_13323,0
csid_13324,0
csid_13325,1
csid_13326,1
csid_13327,1
csid_13328,1
csid_13329,0
csid_13330,1
csid_13331,1
csid_13332,1
csid_13333,1
csid_13334,1
csid_13335,0
csid_13336,0
csid_13337,0
csid_13338,0
csid_13339,0
csid_13340,0
csid_13341,0
csid_13342,1
csid_13343,0
csid_13344,0
csid_13345,1
csid_13346,1
csid_13347,0
csid_13348,0
csid_13349,0
csid_13350,0
csid_13351,0
csid_13352,1
csid_13353,1
csid_13354,0
csid_13355,1
csid_13356,1
csid_13357,0
csid_13358,0
csid_13359,0
csid_13360,1
csid_13361,1
csid_13362,1
csid_13363,1
csid_13364,1
csid_13365,1
csid_13366,1
csid_13367,0
csid_13368,0
csid_13369,0
csid_13370,0
csid_13371,1
csid_13372,1
csid_13373,1
csid_13374,0
csid_13375,0
csid_13376,1
csid_13377,1
csid_13378,1
csid_13379,0
csid_13380,0
csid_13381,0
csid_13382,1
csid_13383,1
csid_13384,0
csid_13385,0
csid_13386,0
csid_13387,0
csid_13388,0
csid_13389,1
csid_13390,1
csid_13391,0
csid_13392,0
csid_13393,1
csid_13394,0
csid_13395,0
csid_13396,0
csid_13397,1
csid_13398,1
csid_13399,0
csid_13400,0
csid_13401,0
csid_13402,0
csid_13403,0
csid_13404,0
csid_13405,1
csid_13406,1
csid_13407,0
csid_13408,0
csid_13409,1
csid_13410,1
csid_13411,1
csid_13412,0
csid_13413,0
csid_13414,0
csid_13415,1
csid_13416,1
csid_13417,1
csid_13418,1
csid_13419,0
csid_13420,0
csid_13421,1
csid_13422,0
csid_13423,1
csid_13424,1
csid_13425,1
csid_13426,0
csid_13427,0
csid_13428,1
csid_13429,1
csid_13430,0
csid_13431,0
csid_13432,0
csid_13433,0
csid_13434,0
csid_13435,0
csid_13436,0
csid_13437,0
csid_13438,1
csid_13439,0
csid_13440,1
csid_13441,0
csid_13442,0
csid_13443,0
csid_13444,0
csid_13445,1
csid_13446,0
csid_13447,1
csid_13448,0
csid_13449,1
csid_13450,1
csid_13451,0
csid_13452,1
csid_13453,1
csid_13454,0
csid_13455,0
csid_13456,1
csid_13457,1
csid_13458,0
csid_13459,0
csid_13460,0
csid_13461,1
csid_13462,0
csid_13463,1
csid_13464,1
csid_13465,0
csid_13466,0
csid_13467,0
csid_13468,0
csid_13469,1
csid_13470,0
csid_13471,1
csid_13472,0
csid_13473,0
csid_13474,1
csid_13475,0
csid_13476,0
csid_13477,1
csid_13478,1
csid_13479,0
csid_13480,1
csid_13481,1
csid_13482,0
csid_13483,0
csid_13484,1
csid_13485,1
csid_13486,1
csid_13487,1
csid_13488,0
csid_13489,1
csid_13490,0
csid_13491,0
csid_13492,1
csid_13493,0
csid_13494,0
csid_13495,1
csid_13496,0
csid_13497,1
csid_13498,1
csid_13499,0
csid_13500,1
csid_13501,1
csid_13502,0
csid_13503,0
csid_13504,0
csid_13505,0
csid_13506,0
csid_13507,0
csid_13508,1
csid_13509,1
csid_13510,0
csid_13511,0
csid_13512,1
csid_13513,1
csid_13514,1
csid_13515,0
csid_13516,0
csid_13517,0
csid_13518,1
csid_13519,0
csid_13520,0
csid_13521,0
csid_13522,1
csid_13523,1
csid_13524,1
csid_13525,0
csid_13526,0
csid_13527,1
csid_13528,1
csid_13529,0
csid_13530,1
csid_13531,0
csid_13532,0
csid_13533,1
csid_13534,1
csid_13535,0
csid_13536,1
csid_13537,1
csid_13538,1
csid_13539,0
csid_13540,1
csid_13541,1
csid_13542,0
csid_13543,0
csid_13544,0
csid_13545,1
csid_13546,0
csid_13547,1
csid_13548,1
csid_13549,1
csid_13550,1
csid_13551,1
csid_13552,0
csid_13553,1
csid_13554,0
csid_13555,0
csid_13556,1
csid_13557,0
csid_13558,0
csid_13559,0
csid_13560,1
csid_13561,1
csid_13562,0
csid_13563,0
csid_13564,1
csid_13565,0
csid_13566,0
csid_13567,1
csid_13568,1
csid_13569,0
csid_13570,1
csid_13571,0
csid_13572,1
csid_13573,1
csid_13574,0
csid_13575,0
csid_13576,1
csid_13577,1
csid_13578,0
csid_13579,0
csid_13580,0
csid_13581,0
csid_13582,0
csid_13583,0
csid_13584,1
csid_13585,0
csid_13586,1
csid_13587,1
csid_13588,0
csid_13589,0
csid_13590,1
csid_13591,1
csid_13592,0
csid_13593,0
csid_13594,0
csid_13595,0
csid_13596,0
csid_13597,0
csid_13598,1
csid_13599,0
csid_13600,0
csid_13601,0
csid_13602,1
csid_13603,0
csid_13604,0
csid_13605,0
csid_13606,0
csid_13607,1
csid_13608,1
csid_13609,1
csid_13610,0
csid_13611,0
csid_13612,1
csid_13613,0
csid_13614,0
csid_13615,0
csid_13616,0
csid_13617,0
csid_13618,0
csid_13619,1
csid_13620,1
csid_13621,0
csid_13622,0
csid_13623,0
csid_13624,0
csid_13625,1
csid_13626,0
csid_13627,0
csid_13628,0
csid_13629,0
csid_13630,0
csid_13631,0
csid_13632,1
csid_13633,0
csid_13634,1
csid_13635,1
csid_13636,0
csid_13637,1
csid_13638,0
csid_13639,0
csid_13640,0
csid_13641,0
csid_13642,0
csid_13643,0
csid_13644,0
csid_13645,0
csid_13646,0
csid_13647,1
csid_13648,1
csid_13649,1
csid_13650,1
csid_13651,1
csid_13652,1
csid_13653,0
csid_13654,0
csid_13655,0
csid_13656,0
csid_13657,0
csid_13658,0
csid_13659,1
csid_13660,0
csid_13661,1
csid_13662,0
csid_13663,0
csid_13664,0
csid_13665,0
csid_13666,0
csid_13667,1
csid_13668,1
csid_13669,0
csid_13670,0
csid_13671,0
csid_13672,1
csid_13673,1
csid_13674,0
csid_13675,0
csid_13676,0
csid_13677,0
csid_13678,0
csid_13679,1
csid_13680,1
csid_13681,0
csid_13682,0
csid_13683,1
csid_13684,0
csid_13685,0
csid_13686,1
csid_13687,0
csid_13688,1
csid_13689,0
csid_13690,0
csid_13691,0
csid_13692,0
csid_13693,1
csid_13694,1
csid_13695,0
csid_13696,0
csid_13697,1
csid_13698,1
csid_13699,1
csid_13700,0
csid_13701,0
csid_13702,1
csid_13703,1
csid_13704,0
csid_13705,0
csid_13706,0
csid_13707,0
csid_13708,0
csid_13709,0
csid_13710,0
csid_13711,0
csid_13712,0
csid_13713,0
csid_13714,1
csid_13715,0
csid_13716,1
csid_13717,0
csid_13718,1
csid_13719,0
csid_13720,0
csid_13721,0
csid_13722,0
csid_13723,0
csid_13724,1
csid_13725,0
csid_13726,1
csid_13727,0
csid_13728,1
csid_13729,0
csid_13730,1
csid_13731,1
csid_13732,1
csid_13733,1
csid_13734,1
csid_13735,0
csid_13736,1
csid_13737,0
csid_13738,0
csid_13739,0
csid_13740,0
csid_13741,1
csid_13742,1
csid_13743,0
csid_13744,1
csid_13745,0
csid_13746,0
csid_13747,0
csid_13748,0
csid_13749,0
csid_13750,1
csid_13751,1
csid_13752,1
csid_13753,0
csid_13754,0
csid_13755,0
csid_13756,0
csid_13757,0
csid_13758,0
csid_13759,0
csid_13760,1
csid_13761,0
csid_13762,1
csid_13763,0
csid_13764,0
csid_13765,0
csid_13766,1
csid_13767,0
csid_13768,0
csid_13769,0
csid_13770,1
csid_13771,0
csid_13772,0
csid_13773,0
csid_13774,0
csid_13775,0
csid_13776,1
csid_13777,0
csid_13778,0
csid_13779,1
csid_13780,0
csid_13781,0
csid_13782,0
csid_13783,1
csid_13784,1
csid_13785,0
csid_13786,1
csid_13787,1
csid_13788,0
csid_13789,0
csid_13790,0
csid_13791,0
csid_13792,0
csid_13793,0
csid_13794,1
csid_13795,0
csid_13796,0
csid_13797,1
csid_13798,1
csid_13799,0
csid_13800,1
csid_13801,1
csid_13802,1
csid_13803,0
csid_13804,1
csid_13805,1
csid_13806,1
csid_13807,1
csid_13808,0
csid_13809,0
csid_13810,0
csid_13811,0
csid_13812,0
csid_13813,1
csid_13814,0
csid_13815,1
csid_13816,0
csid_13817,0
csid_13818,1
csid_13819,1
csid_13820,0
csid_13821,0
csid_13822,0
csid_13823,1
csid_13824,0
csid_13825,0
csid_13826,1
csid_13827,1
csid_13828,1
csid_13829,1
csid_13830,1
csid_13831,1
csid_13832,1
csid_13833,0
csid_13834,0
csid_13835,1
csid_13836,1
csid_13837,1
csid_13838,1
csid_13839,0
csid_13840,1
csid_13841,1
csid_13842,1
csid_13843,0
csid_13844,1
csid_13845,1
csid_13846,1
csid_13847,1
csid_13848,1
csid_13849,0
csid_13850,0
csid_13851,0
csid_13852,0
csid_13853,0
csid_13854,0
csid_13855,1
csid_13856,0
csid_13857,0
csid_13858,0
csid_13859,1
csid_13860,0
csid_13861,0
csid_13862,1
csid_13863,0
csid_13864,1
csid_13865,0
csid_13866,1
csid_13867,0
csid_13868,1
csid_13869,1
csid_13870,1
csid_13871,1
csid_13872,1
csid_13873,0
csid_13874,0
csid_13875,1
csid_13876,1
csid_13877,1
csid_13878,1
csid_13879,1
csid_13880,0
csid_13881,0
csid_13882,1
csid_13883,0
csid_13884,0
csid_13885,0
csid_13886,0
csid_13887,0
csid_13888,0
csid_13889,0
csid_13890,0
csid_13891,1
csid_13892,0
csid_13893,1
csid_13894,0
csid_13895,1
csid_13896,0
csid_13897,0
csid_13898,1
csid_13899,0
csid_13900,1
csid_13901,0
csid_13902,0
csid_13903,0
csid_13904,0
csid_13905,1
csid_13906,1
csid_13907,1
csid_13908,0
csid_13909,1
csid_13910,1
csid_13911,0
csid_13912,0
csid_13913,0
csid_13914,0
csid_13915,1
csid_13916,0
csid_13917,0
csid_13918,0
csid_13919,0
csid_13920,1
csid_13921,0
csid_13922,0
csid_13923,1
csid_13924,0
csid_13925,1
csid_13926,1
csid_13927,0
csid_13928,0
csid_13929,0
csid_13930,0
csid_13931,1
csid_13932,1
csid_13933,0
csid_13934,1
csid_13935,1
csid_13936,0
csid_13937,0
csid_13938,0
csid_13939,1
csid_13940,1
csid_13941,1
csid_13942,0
csid_13943,0
csid_13944,0
csid_13945,1
csid_13946,1
csid_13947,1
csid_13948,0
csid_13949,1
csid_13950,0
csid_13951,1
csid_13952,0
csid_13953,1
csid_13954,1
csid_13955,0
csid_13956,0
csid_13957,0
csid_13958,0
csid_13959,1
csid_13960,0
csid_13961,1
csid_13962,1
csid_13963,0
csid_13964,1
csid_13965,1
csid_13966,0
csid_13967,1
csid_13968,1
csid_13969,0
csid_13970,1
csid_13971,0
csid_13972,0
csid_13973,0
csid_13974,1
csid_13975,0
csid_13976,0
csid_13977,0
csid_13978,0
csid_13979,1
csid_13980,1
csid_13981,1
csid_13982,0
csid_13983,0
csid_13984,1
csid_13985,1
csid_13986,1
csid_13987,1
csid_13988,1
csid_13989,1
csid_13990,0
csid_13991,1
csid_13992,0
csid_13993,0
csid_13994,1
csid_13995,1
csid_13996,1
csid_13997,0
csid_13998,0
csid_13999,0
csid_14000,0
csid_14001,0
csid_14002,0
csid_14003,1
csid_14004,0
csid_14005,1
csid_14006,1
csid_14007,0
csid_14008,1
csid_14009,0
csid_14010,1
csid_14011,1
csid_14012,1
csid_14013,1
csid_14014,0
csid_14015,1
csid_14016,0
csid_14017,1
csid_14018,0
csid_14019,0
csid_14020,1
csid_14021,0
csid_14022,0
csid_14023,0
csid_14024,0
csid_14025,1
csid_14026,1
csid_14027,0
csid_14028,0
csid_14029,1
csid_14030,0
csid_14031,0
csid_14032,0
csid_14033,1
csid_14034,0
csid_14035,0
csid_14036,0
csid_14037,0
csid_14038,0
csid_14039,0
csid_14040,0
csid_14041,1
csid_14042,0
csid_14043,0
csid_14044,0
csid_14045,0
csid_14046,0
csid_14047,0
csid_14048,1
csid_14049,1
csid_14050,0
csid_14051,1
csid_14052,1
csid_14053,1
csid_14054,1
csid_14055,1
csid_14056,1
csid_14057,1
csid_14058,0
csid_14059,1
csid_14060,1
csid_14061,0
csid_14062,0
csid_14063,0
csid_14064,1
csid_14065,0
csid_14066,1
csid_14067,0
csid_14068,1
csid_14069,0
csid_14070,0
csid_14071,0
csid_14072,1
csid_14073,0
csid_14074,1
csid_14075,1
csid_14076,0
csid_14077,0
csid_14078,0
csid_14079,0
csid_14080,1
csid_14081,0
csid_14082,0
csid_14083,1
csid_14084,1
csid_14085,0
csid_14086,0
csid_14087,0
csid_14088,0
csid_14089,0
csid_14090,0
csid_14091,0
csid_14092,0
csid_14093,0
csid_14094,0
csid_14095,0
csid_14096,1
csid_14097,1
csid_14098,1
csid_14099,1
csid_14100,0
csid_14101,0
csid_14102,0
csid_14103,1
csid_14104,1
csid_14105,0
csid_14106,1
csid_14107,0
csid_14108,0
csid_14109,1
csid_14110,0
csid_14111,0
csid_14112,0
csid_14113,1
csid_14114,1
csid_14115,0
csid_14116,1
csid_14117,0
csid_14118,0
csid_14119,0
csid_14120,0
csid_14121,1
csid_14122,0
csid_14123,1
csid_14124,1
csid_14125,1
csid_14126,1
csid_14127,0
csid_14128,0
csid_14129,0
csid_14130,0
csid_14131,0
csid_14132,1
csid_14133,0
csid_14134,1
csid_14135,0
csid_14136,0
csid_14137,0
csid_14138,1
csid_14139,0
csid_14140,0
csid_14141,1
csid_14142,0
csid_14143,1
csid_14144,0
csid_14145,0
csid_14146,1
csid_14147,0
csid_14148,1
csid_14149,1
csid_14150,0
csid_14151,0
csid_14152,1
csid_14153,0
csid_14154,0
csid_14155,0
csid_14156,0
csid_14157,0
csid_14158,0
csid_14159,0
csid_14160,0
csid_14161,0
csid_14162,1
csid_14163,0
csid_14164,0
csid_14165,0
csid_14166,0
csid_14167,0
csid_14168,1
csid_14169,0
csid_14170,1
csid_14171,1
csid_14172,0
csid_14173,0
csid_14174,0
csid_14175,0
csid_14176,0
csid_14177,0
csid_14178,1
csid_14179,0
csid_14180,1
csid_14181,0
csid_14182,1
csid_14183,0
csid_14184,0
csid_14185,0
csid_14186,1
csid_14187,0
csid_14188,1
csid_14189,1
csid_14190,0
csid_14191,1
csid_14192,0
csid_14193,1
csid_14194,1
csid_14195,0
csid_14196,1
csid_14197,0
csid_14198,0
csid_14199,1
csid_14200,0
csid_14201,0
csid_14202,1
csid_14203,1
csid_14204,0
csid_14205,1
csid_14206,1
csid_14207,0
csid_14208,0
csid_14209,0
csid_14210,1
csid_14211,0
csid_14212,1
csid_14213,1
csid_14214,0
csid_14215,0
csid_14216,0
csid_14217,0
csid_14218,0
csid_14219,0
csid_14220,0
csid_14221,0
csid_14222,1
csid_14223,0
csid_14224,1
csid_14225,0
csid_14226,1
csid_14227,0
csid_14228,0
csid_14229,0
csid_14230,0
csid_14231,0
csid_14232,0
csid_14233,0
csid_14234,0
csid_14235,1
csid_14236,1
csid_14237,1
csid_14238,1
csid_14239,1
csid_14240,1
csid_14241,1
csid_14242,0
csid_14243,1
csid_14244,1
csid_14245,1
csid_14246,0
csid_14247,0
csid_14248,0
csid_14249,1
csid_14250,1
csid_14251,0
csid_14252,1
csid_14253,0
csid_14254,0
csid_14255,0
csid_14256,0
csid_14257,0
csid_14258,1
csid_14259,1
csid_14260,0
csid_14261,1
csid_14262,0
csid_14263,0
csid_14264,1
csid_14265,0
csid_14266,0
csid_14267,0
csid_14268,1
csid_14269,0
csid_14270,0
csid_14271,1
csid_14272,0
csid_14273,1
csid_14274,0
csid_14275,0
csid_14276,1
csid_14277,1
csid_14278,0
csid_14279,0
csid_14280,0
csid_14281,1
csid_14282,1
csid_14283,1
csid_14284,1
csid_14285,1
csid_14286,0
csid_14287,0
csid_14288,0
csid_14289,1
csid_14290,0
csid_14291,0
csid_14292,0
csid_14293,0
csid_14294,1
csid_14295,1
csid_14296,0
csid_14297,0
csid_14298,1
csid_14299,1
csid_14300,0
csid_14301,0
csid_14302,0
csid_14303,0
csid_14304,0
csid_14305,0
csid_14306,1
csid_14307,0
csid_14308,0
csid_14309,0
csid_14310,0
csid_14311,0
csid_14312,0
csid_14313,0
csid_14314,0
csid_14315,0
csid_14316,0
csid_14317,0
csid_14318,0
csid_14319,0
csid_14320,0
csid_14321,0
csid_14322,0
csid_14323,0
csid_14324,0
csid_14325,0
csid_14326,1
csid_14327,1
csid_14328,0
csid_14329,1
csid_14330,0
csid_14331,0
csid_14332,0
csid_14333,1
csid_14334,0
csid_14335,0
csid_14336,0
csid_14337,1
csid_14338,0
csid_14339,0
csid_14340,0
csid_14341,1
csid_14342,1
csid_14343,1
csid_14344,1
csid_14345,1
csid_14346,0
csid_14347,0
csid_14348,0
csid_14349,0
csid_14350,0
csid_14351,0
csid_14352,1
csid_14353,0
csid_14354,0
csid_14355,1
csid_14356,1
csid_14357,0
csid_14358,1
csid_14359,0
csid_14360,1
csid_14361,1
csid_14362,1
csid_14363,0
csid_14364,1
csid_14365,0
csid_14366,0
csid_14367,1
csid_14368,1
csid_14369,0
csid_14370,0
csid_14371,1
csid_14372,1
csid_14373,1
csid_14374,0
csid_14375,0
csid_14376,1
csid_14377,0
csid_14378,0
csid_14379,0
csid_14380,0
csid_14381,0
csid_14382,0
csid_14383,1
csid_14384,0
csid_14385,0
csid_14386,1
csid_14387,1
csid_14388,1
csid_14389,1
csid_14390,0
csid_14391,0
csid_14392,0
csid_14393,0
csid_14394,0
csid_14395,0
csid_14396,0
csid_14397,1
csid_14398,1
csid_14399,1
csid_14400,1
csid_14401,0
csid_14402,0
csid_14403,0
csid_14404,0
csid_14405,0
csid_14406,0
csid_14407,1
csid_14408,1
csid_14409,1
csid_14410,1
csid_14411,0
csid_14412,0
csid_14413,0
csid_14414,0
csid_14415,1
csid_14416,0
csid_14417,0
csid_14418,0
csid_14419,1
csid_14420,0
csid_14421,0
csid_14422,0
csid_14423,0
csid_14424,0
csid_14425,0
csid_14426,0
csid_14427,0
csid_14428,1
csid_14429,0
csid_14430,0
csid_14431,0
csid_14432,1
csid_14433,0
csid_14434,1
csid_14435,0
csid_14436,0
csid_14437,1
csid_14438,1
csid_14439,1
csid_14440,0
csid_14441,0
csid_14442,0
csid_14443,0
csid_14444,0
csid_14445,0
csid_14446,1
csid_14447,0
csid_14448,0
csid_14449,1
csid_14450,1
csid_14451,0
csid_14452,0
csid_14453,1
csid_14454,0
csid_14455,0
csid_14456,0
csid_14457,1
csid_14458,1
csid_14459,0
csid_14460,0
csid_14461,0
csid_14462,0
csid_14463,0
csid_14464,0
csid_14465,0
csid_14466,0
csid_14467,1
csid_14468,1
csid_14469,0
csid_14470,1
csid_14471,1
csid_14472,0
csid_14473,0
csid_14474,0
csid_14475,1
csid_14476,1
csid_14477,0
csid_14478,0
csid_14479,0
csid_14480,1
csid_14481,1
csid_14482,0
csid_14483,0
csid_14484,1
csid_14485,0
csid_14486,1
csid_14487,0
csid_14488,0
csid_14489,1
csid_14490,0
csid_14491,1
csid_14492,0
csid_14493,0
csid_14494,0
csid_14495,1
csid_14496,0
csid_14497,0
csid_14498,0
csid_14499,0
csid_14500,0
csid_14501,0
csid_14502,0
csid_14503,1
csid_14504,0
csid_14505,1
csid_14506,0
csid_14507,0
csid_14508,1
csid_14509,1
csid_14510,0
csid_14511,0
csid_14512,0
csid_14513,0
csid_14514,0
csid_14515,0
csid_14516,0
csid_14517,0
csid_14518,0
csid_14519,0
csid_14520,0
csid_14521,0
csid_14522,0
csid_14523,1
csid_14524,0
csid_14525,0
csid_14526,0
csid_14527,0
csid_14528,1
csid_14529,1
csid_14530,0
csid_14531,0
csid_14532,0
csid_14533,0
csid_14534,0
csid_14535,0
csid_14536,0
csid_14537,0
csid_14538,0
csid_14539,0
csid_14540,0
csid_14541,0
csid_14542,0
csid_14543,0
csid_14544,0
csid_14545,0
csid_14546,0
csid_14547,1
csid_14548,0
csid_14549,1
csid_14550,0
csid_14551,1
csid_14552,0
csid_14553,0
csid_14554,0
csid_14555,1
csid_14556,1
csid_14557,1
csid_14558,1
csid_14559,1
csid_14560,1
csid_14561,0
csid_14562,0
csid_14563,1
csid_14564,0
csid_14565,1
csid_14566,1
csid_14567,0
csid_14568,1
csid_14569,0
csid_14570,0
csid_14571,1
csid_14572,0
csid_14573,0
csid_14574,0
csid_14575,0
csid_14576,1
csid_14577,0
csid_14578,0
csid_14579,0
csid_14580,0
csid_14581,0
csid_14582,0
csid_14583,1
csid_14584,1
csid_14585,1
csid_14586,1
csid_14587,0
csid_14588,1
csid_14589,0
csid_14590,0
csid_14591,0
csid_14592,0
csid_14593,0
csid_14594,0
csid_14595,0
csid_14596,0
csid_14597,1
csid_14598,1
csid_14599,0
csid_14600,0
csid_14601,0
csid_14602,1
csid_14603,0
csid_14604,0
csid_14605,0
csid_14606,0
csid_14607,1
csid_14608,0
csid_14609,0
csid_14610,0
csid_14611,0
csid_14612,0
csid_14613,0
csid_14614,0
csid_14615,0
csid_14616,0
csid_14617,0
csid_14618,0
csid_14619,0
csid_14620,0
csid_14621,1
csid_14622,1
csid_14623,0
csid_14624,0
csid_14625,0
csid_14626,0
csid_14627,0
csid_14628,0
csid_14629,0
csid_14630,0
csid_14631,0
csid_14632,0
csid_14633,0
csid_14634,0
csid_14635,0
csid_14636,0
csid_14637,0
csid_14638,0
csid_14639,0
csid_14640,0
csid_14641,0
csid_14642,1
csid_14643,0
csid_14644,0
csid_14645,0
csid_14646,0
csid_14647,1
csid_14648,0
csid_14649,1
csid_14650,1
csid_14651,0
csid_14652,0
csid_14653,0
csid_14654,1
csid_14655,0
csid_14656,0
csid_14657,1
csid_14658,0
csid_14659,0
csid_14660,0
csid_14661,0
csid_14662,1
csid_14663,0
csid_14664,0
csid_14665,0
csid_14666,1
csid_14667,0
csid_14668,1
csid_14669,0
csid_14670,1
csid_14671,0
csid_14672,0
csid_14673,0
csid_14674,1
csid_14675,0
csid_14676,1
csid_14677,1
csid_14678,0
csid_14679,0
csid_14680,1
csid_14681,1
csid_14682,1
csid_14683,0
csid_14684,0
csid_14685,0
csid_14686,1
csid_14687,0
csid_14688,0
csid_14689,1
csid_14690,0
csid_14691,0
csid_14692,0
csid_14693,0
csid_14694,0
csid_14695,1
csid_14696,0
csid_14697,0
csid_14698,0
csid_14699,0
csid_14700,0
csid_14701,0
csid_14702,0
csid_14703,1
csid_14704,1
csid_14705,0
csid_14706,1
csid_14707,0
csid_14708,1
csid_14709,0
csid_14710,0
csid_14711,0
csid_14712,1
csid_14713,1
csid_14714,1
csid_14715,0
csid_14716,0
csid_14717,1
csid_14718,0
csid_14719,0
csid_14720,1
csid_14721,0
csid_14722,1
csid_14723,1
csid_14724,0
csid_14725,1
csid_14726,1
csid_14727,0
csid_14728,0
csid_14729,0
csid_14730,0
csid_14731,0
csid_14732,0
csid_14733,0
csid_14734,1
csid_14735,0
csid_14736,0
csid_14737,0
csid_14738,0
csid_14739,0
csid_14740,1
csid_14741,1
csid_14742,1
csid_14743,0
csid_14744,1
csid_14745,0
csid_14746,1
csid_14747,0
csid_14748,0
csid_14749,0
csid_14750,1
csid_14751,0
csid_14752,1
csid_14753,0
csid_14754,1
csid_14755,0
csid_14756,1
csid_14757,0
csid_14758,1
csid_14759,1
csid_14760,0
csid_14761,0
csid_14762,0
csid_14763,0
csid_14764,0
csid_14765,1
csid_14766,0
csid_14767,1
csid_14768,1
csid_14769,1
csid_14770,0
csid_14771,0
csid_14772,0
csid_14773,0
csid_14774,0
csid_14775,0
csid_14776,1
csid_14777,1
csid_14778,1
csid_14779,0
csid_14780,0
csid_14781,0
csid_14782,0
csid_14783,1
csid_14784,0
csid_14785,0
csid_14786,0
csid_14787,0
csid_14788,0
csid_14789,0
csid_14790,1
csid_14791,0
csid_14792,0
csid_14793,1
csid_14794,0
csid_14795,0
csid_14796,1
csid_14797,0
csid_14798,0
csid_14799,0
csid_14800,0
csid_14801,0
csid_14802,0
csid_14803,1
csid_14804,0
csid_14805,0
csid_14806,0
csid_14807,1
csid_14808,0
csid_14809,1
csid_14810,0
csid_14811,1
csid_14812,1
csid_14813,0
csid_14814,1
csid_14815,1
csid_14816,0
csid_14817,0
csid_14818,1
csid_14819,0
csid_14820,0
csid_14821,1
csid_14822,1
csid_14823,0
csid_14824,0
csid_14825,0
csid_14826,0
csid_14827,0
csid_14828,0
csid_14829,0
csid_14830,0
csid_14831,0
csid_14832,1
csid_14833,0
csid_14834,1
csid_14835,0
csid_14836,1
csid_14837,0
csid_14838,1
csid_14839,0
csid_14840,0
csid_14841,0
csid_14842,1
csid_14843,0
csid_14844,0
csid_14845,0
csid_14846,0
csid_14847,0
csid_14848,0
csid_14849,1
csid_14850,1
csid_14851,0
csid_14852,0
csid_14853,1
csid_14854,0
csid_14855,0
csid_14856,0
csid_14857,0
csid_14858,0
csid_14859,0
csid_14860,0
csid_14861,0
csid_14862,0
csid_14863,0
csid_14864,1
csid_14865,0
csid_14866,0
csid_14867,1
csid_14868,0
csid_14869,0
csid_14870,1
csid_14871,0
csid_14872,0
csid_14873,0
csid_14874,0
csid_14875,0
csid_14876,1
csid_14877,0
csid_14878,0
csid_14879,0
csid_14880,1
csid_14881,1
csid_14882,0
csid_14883,0
csid_14884,0
csid_14885,0
csid_14886,0
csid_14887,0
csid_14888,0
csid_14889,0
csid_14890,0
csid_14891,0
csid_14892,0
csid_14893,0
csid_14894,1
csid_14895,0
csid_14896,0
csid_14897,0
csid_14898,0
csid_14899,1
csid_14900,1
csid_14901,0
csid_14902,1
csid_14903,0
csid_14904,0
csid_14905,0
csid_14906,0
csid_14907,0
csid_14908,0
csid_14909,1
csid_14910,1
csid_14911,0
csid_14912,0
csid_14913,0
csid_14914,0
csid_14915,0
csid_14916,0
csid_14917,0
csid_14918,0
csid_14919,1
csid_14920,0
csid_14921,0
csid_14922,1
csid_14923,0
csid_14924,0
csid_14925,1
csid_14926,0
csid_14927,1
csid_14928,0
csid_14929,0
csid_14930,0
csid_14931,1
csid_14932,0
csid_14933,0
csid_14934,0
csid_14935,0
csid_14936,0
csid_14937,0
csid_14938,0
csid_14939,1
csid_14940,0
csid_14941,0
csid_14942,0
csid_14943,1
csid_14944,0
csid_14945,0
csid_14946,1
csid_14947,1
csid_14948,1
csid_14949,0
csid_14950,0
csid_14951,1
csid_14952,1
csid_14953,1
csid_14954,0
csid_14955,0
csid_14956,0
csid_14957,0
csid_14958,1
csid_14959,0
csid_14960,0
csid_14961,0
csid_14962,1
csid_14963,1
csid_14964,0
csid_14965,0
csid_14966,0
csid_14967,0
csid_14968,0
csid_14969,0
csid_14970,1
csid_14971,1
csid_14972,0
csid_14973,1
csid_14974,0
csid_14975,0
csid_14976,0
csid_14977,1
csid_14978,0
csid_14979,0
csid_14980,0
csid_14981,0
csid_14982,0
csid_14983,1
csid_14984,1
csid_14985,0
csid_14986,0
csid_14987,0
csid_14988,0
csid_14989,1
csid_14990,0
csid_14991,0
csid_14992,0
csid_14993,1
csid_14994,0
csid_14995,1
csid_14996,1
csid_14997,0
csid_14998,0
csid_14999,0
csid_15000,0
csid_15001,0
csid_15002,0
csid_15003,0
csid_15004,0
csid_15005,0
csid_15006,1
csid_15007,0
csid_15008,1
csid_15009,0
csid_15010,1
csid_15011,1
csid_15012,0
csid_15013,0
csid_15014,1
csid_15015,0
csid_15016,0
csid_15017,0
csid_15018,1
csid_15019,0
csid_15020,0
csid_15021,0
csid_15022,0
csid_15023,0
csid_15024,0
csid_15025,0
csid_15026,1
csid_15027,0
csid_15028,0
csid_15029,0
csid_15030,0
csid_15031,0
csid_15032,0
csid_15033,1
csid_15034,0
csid_15035,0
csid_15036,1
csid_15037,0
csid_15038,1
csid_15039,0
csid_15040,0
csid_15041,1
csid_15042,0
csid_15043,1
csid_15044,1
csid_15045,1
csid_15046,0
csid_15047,1
csid_15048,1
csid_15049,0
csid_15050,0
csid_15051,0
csid_15052,0
csid_15053,0
csid_15054,0
csid_15055,1
csid_15056,0
csid_15057,0
csid_15058,0
csid_15059,0
csid_15060,0
csid_15061,0
csid_15062,0
csid_15063,0
csid_15064,0
csid_15065,0
csid_15066,0
csid_15067,1
csid_15068,1
csid_15069,0
csid_15070,0
csid_15071,0
csid_15072,0
csid_15073,0
csid_15074,1
csid_15075,0
csid_15076,0
csid_15077,0
csid_15078,0
csid_15079,1
csid_15080,0
csid_15081,1
csid_15082,0
csid_15083,0
csid_15084,0
csid_15085,0
csid_15086,0
csid_15087,0
csid_15088,1
csid_15089,1
csid_15090,0
csid_15091,0
csid_15092,0
csid_15093,1
csid_15094,0
csid_15095,0
csid_15096,0
csid_15097,1
csid_15098,1
csid_15099,0
csid_15100,0
csid_15101,0
csid_15102,0
csid_15103,1
csid_15104,0
csid_15105,1
csid_15106,0
csid_15107,0
csid_15108,0
csid_15109,0
csid_15110,0
csid_15111,0
csid_15112,0
csid_15113,0
csid_15114,1
csid_15115,1
csid_15116,1
csid_15117,1
csid_15118,0
csid_15119,0
csid_15120,0
csid_15121,1
csid_15122,1
csid_15123,0
csid_15124,0
csid_15125,1
csid_15126,0
csid_15127,1
csid_15128,1
csid_15129,0
csid_15130,1
csid_15131,0
csid_15132,0
csid_15133,0
csid_15134,1
csid_15135,0
csid_15136,0
csid_15137,0
csid_15138,0
csid_15139,1
csid_15140,0
csid_15141,1
csid_15142,0
csid_15143,0
csid_15144,1
csid_15145,0
csid_15146,0
csid_15147,1
csid_15148,0
csid_15149,0
csid_15150,0
csid_15151,1
csid_15152,0
csid_15153,1
csid_15154,0
csid_15155,0
csid_15156,0
csid_15157,0
csid_15158,1
csid_15159,0
csid_15160,1
csid_15161,0
csid_15162,0
csid_15163,0
csid_15164,0
csid_15165,0
csid_15166,0
csid_15167,1
csid_15168,0
csid_15169,0
csid_15170,0
csid_15171,0
csid_15172,1
csid_15173,0
csid_15174,0
csid_15175,0
csid_15176,1
csid_15177,0
csid_15178,0
csid_15179,0
csid_15180,0
csid_15181,1
csid_15182,0
csid_15183,1
csid_15184,0
csid_15185,1
csid_15186,1
csid_15187,0
csid_15188,1
csid_15189,1
csid_15190,0
csid_15191,0
csid_15192,0
csid_15193,1
csid_15194,0
csid_15195,0
csid_15196,1
csid_15197,0
csid_15198,1
csid_15199,0
csid_15200,0
csid_15201,0
csid_15202,0
csid_15203,1
csid_15204,0
csid_15205,1
csid_15206,0
csid_15207,1
csid_15208,0
csid_15209,0
csid_15210,0
csid_15211,0
csid_15212,0
csid_15213,1
csid_15214,0
csid_15215,0
csid_15216,0
csid_15217,1
csid_15218,1
csid_15219,0
csid_15220,0
csid_15221,1
csid_15222,0
csid_15223,0
csid_15224,0
csid_15225,0
csid_15226,1
csid_15227,0
csid_15228,0
csid_15229,0
csid_15230,0
csid_15231,0
csid_15232,0
csid_15233,0
csid_15234,0
csid_15235,1
csid_15236,0
csid_15237,0
csid_15238,1
csid_15239,0
csid_15240,1
csid_15241,0
csid_15242,0
csid_15243,0
csid_15244,1
csid_15245,0
csid_15246,0
csid_15247,0
csid_15248,0
csid_15249,0
csid_15250,0
csid_15251,1
csid_15252,0
csid_15253,0
csid_15254,1
csid_15255,0
csid_15256,1
csid_15257,0
csid_15258,0
csid_15259,0
csid_15260,0
csid_15261,1
csid_15262,0
csid_15263,1
csid_15264,0
csid_15265,1
csid_15266,0
csid_15267,0
csid_15268,0
csid_15269,1
csid_15270,1
csid_15271,0
csid_15272,0
csid_15273,1
csid_15274,1
csid_15275,1
csid_15276,0
csid_15277,0
csid_15278,1
csid_15279,0
csid_15280,0
csid_15281,0
csid_15282,0
csid_15283,0
csid_15284,1
csid_15285,1
csid_15286,0
csid_15287,1
csid_15288,1
csid_15289,1
csid_15290,0
csid_15291,0
csid_15292,1
csid_15293,0
csid_15294,1
csid_15295,0
csid_15296,0
csid_15297,0
csid_15298,0
csid_15299,0
csid_15300,1
csid_15301,0
csid_15302,0
csid_15303,0
csid_15304,1
csid_15305,0
csid_15306,1
csid_15307,1
csid_15308,0
csid_15309,0
csid_15310,1
csid_15311,0
csid_15312,0
csid_15313,0
csid_15314,1
csid_15315,1
csid_15316,0
csid_15317,0
csid_15318,0
csid_15319,0
csid_15320,0
csid_15321,1
csid_15322,1
csid_15323,0
csid_15324,1
csid_15325,0
csid_15326,1
csid_15327,1
csid_15328,0
csid_15329,1
csid_15330,0
csid_15331,1
csid_15332,0
csid_15333,0
csid_15334,0
csid_15335,1
csid_15336,1
csid_15337,0
csid_15338,0
csid_15339,1
csid_15340,0
csid_15341,1
csid_15342,1
csid_15343,1
csid_15344,0
csid_15345,0
csid_15346,0
csid_15347,0
csid_15348,0
csid_15349,0
csid_15350,0
csid_15351,0
csid_15352,0
csid_15353,0
csid_15354,0
csid_15355,0
csid_15356,0
csid_15357,0
csid_15358,0
csid_15359,0
csid_15360,0
csid_15361,0
csid_15362,0
csid_15363,0
csid_15364,1
csid_15365,1
csid_15366,0
csid_15367,0
csid_15368,0
csid_15369,0
csid_15370,1
csid_15371,1
csid_15372,1
csid_15373,0
csid_15374,1
csid_15375,0
csid_15376,0
csid_15377,1
csid_15378,1
csid_15379,0
csid_15380,0
csid_15381,0
csid_15382,0
csid_15383,0
csid_15384,0
csid_15385,1
csid_15386,0
csid_15387,0
csid_15388,0
csid_15389,1
csid_15390,0
csid_15391,0
csid_15392,1
csid_15393,0
csid_15394,1
csid_15395,1
csid_15396,1
csid_15397,0
csid_15398,0
csid_15399,1
csid_15400,1
csid_15401,0
csid_15402,0
csid_15403,0
csid_15404,0
csid_15405,1
csid_15406,1
csid_15407,0
csid_15408,0
csid_15409,0
csid_15410,0
csid_15411,1
csid_15412,0
csid_15413,1
csid_15414,1
csid_15415,0
csid_15416,0
csid_15417,1
csid_15418,0
csid_15419,1
csid_15420,0
csid_15421,0
csid_15422,0
csid_15423,1
csid_15424,0
csid_15425,0
csid_15426,0
csid_15427,0
csid_15428,0
csid_15429,1
csid_15430,0
csid_15431,1
csid_15432,0
csid_15433,0
csid_15434,0
csid_15435,1
csid_15436,0
csid_15437,1
csid_15438,0
csid_15439,0
csid_15440,0
csid_15441,1
csid_15442,0
csid_15443,1
csid_15444,1
csid_15445,1
csid_15446,0
csid_15447,1
csid_15448,0
csid_15449,1
csid_15450,1
csid_15451,1
csid_15452,1
csid_15453,0
csid_15454,0
csid_15455,0
csid_15456,1
csid_15457,0
csid_15458,1
csid_15459,1
csid_15460,1
csid_15461,0
csid_15462,0
csid_15463,0
csid_15464,0
csid_15465,1
csid_15466,0
csid_15467,1
csid_15468,1
csid_15469,0
csid_15470,1
csid_15471,0
csid_15472,0
csid_15473,0
csid_15474,0
csid_15475,0
csid_15476,0
csid_15477,0
csid_15478,1
csid_15479,1
csid_15480,0
csid_15481,0
csid_15482,0
csid_15483,0
csid_15484,1
csid_15485,1
csid_15486,1
csid_15487,1
csid_15488,0
csid_15489,0
csid_15490,0
csid_15491,0
csid_15492,1
csid_15493,1
csid_15494,0
csid_15495,0
csid_15496,0
csid_15497,1
csid_15498,0
csid_15499,1
csid_15500,0
csid_15501,0
csid_15502,1
csid_15503,1
csid_15504,0
csid_15505,0
csid_15506,0
csid_15507,0
csid_15508,0
csid_15509,0
csid_15510,0
csid_15511,0
csid_15512,1
csid_15513,0
csid_15514,0
csid_15515,0
csid_15516,0
csid_15517,0
csid_15518,1
csid_15519,1
csid_15520,1
csid_15521,0
csid_15522,0
csid_15523,0
csid_15524,0
csid_15525,0
csid_15526,0
csid_15527,0
csid_15528,0
csid_15529,1
csid_15530,1
csid_15531,0
csid_15532,0
csid_15533,0
csid_15534,1
csid_15535,0
csid_15536,0
csid_15537,0
csid_15538,0
csid_15539,0
csid_15540,0
csid_15541,0
csid_15542,1
csid_15543,0
csid_15544,0
csid_15545,0
csid_15546,0
csid_15547,1
csid_15548,0
csid_15549,0
csid_15550,0
csid_15551,1
csid_15552,0
csid_15553,0
csid_15554,0
csid_15555,0
csid_15556,0
csid_15557,0
csid_15558,1
csid_15559,1
csid_15560,0
csid_15561,1
csid_15562,1
csid_15563,0
csid_15564,0
csid_15565,1
csid_15566,0
csid_15567,0
csid_15568,0
csid_15569,0
csid_15570,0
csid_15571,0
csid_15572,0
csid_15573,0
csid_15574,1
csid_15575,1
csid_15576,1
csid_15577,0
csid_15578,1
csid_15579,0
csid_15580,0
csid_15581,1
csid_15582,0
csid_15583,0
csid_15584,0
csid_15585,1
csid_15586,1
csid_15587,1
csid_15588,1
csid_15589,0
csid_15590,1
csid_15591,1
csid_15592,1
csid_15593,0
csid_15594,0
csid_15595,1
csid_15596,0
csid_15597,0
csid_15598,0
csid_15599,0
csid_15600,0
csid_15601,0
csid_15602,0
csid_15603,0
csid_15604,1
csid_15605,0
csid_15606,1
csid_15607,0
csid_15608,1
csid_15609,0
csid_15610,1
csid_15611,0
csid_15612,0
csid_15613,0
csid_15614,0
csid_15615,1
csid_15616,0
csid_15617,0
csid_15618,1
csid_15619,0
csid_15620,1
csid_15621,0
csid_15622,0
csid_15623,1
csid_15624,0
csid_15625,0
csid_15626,0
csid_15627,0
csid_15628,0
csid_15629,0
csid_15630,0
csid_15631,0
csid_15632,1
csid_15633,0
csid_15634,0
csid_15635,1
csid_15636,1
csid_15637,0
csid_15638,0
csid_15639,0
csid_15640,0
csid_15641,0
csid_15642,0
csid_15643,0
csid_15644,0
csid_15645,0
csid_15646,0
csid_15647,0
csid_15648,0
csid_15649,0
csid_15650,0
csid_15651,0
csid_15652,0
csid_15653,1
csid_15654,0
csid_15655,0
csid_15656,0
csid_15657,0
csid_15658,1
csid_15659,0
csid_15660,0
csid_15661,0
csid_15662,0
csid_15663,1
csid_15664,0
csid_15665,0
csid_15666,0
csid_15667,0
csid_15668,0
csid_15669,0
csid_15670,0
csid_15671,0
csid_15672,0
csid_15673,0
csid_15674,0
csid_15675,0
csid_15676,0
csid_15677,0
csid_15678,0
csid_15679,0
csid_15680,0
csid_15681,0
csid_15682,0
csid_15683,0
csid_15684,1
csid_15685,1
csid_15686,0
csid_15687,1
csid_15688,0
csid_15689,0
csid_15690,0
csid_15691,0
csid_15692,0
csid_15693,0
csid_15694,0
csid_15695,0
csid_15696,0
csid_15697,0
csid_15698,0
csid_15699,0
csid_15700,0
csid_15701,0
csid_15702,0
csid_15703,0
csid_15704,1
csid_15705,0
csid_15706,0
csid_15707,0
csid_15708,1
csid_15709,0
csid_15710,0
csid_15711,1
csid_15712,0
csid_15713,0
csid_15714,0
csid_15715,0
csid_15716,0
csid_15717,1
csid_15718,1
csid_15719,1
csid_15720,0
csid_15721,1
csid_15722,0
csid_15723,0
csid_15724,0
csid_15725,1
csid_15726,0
csid_15727,0
csid_15728,1
csid_15729,0
csid_15730,0
csid_15731,0
csid_15732,0
csid_15733,0
csid_15734,1
csid_15735,0
csid_15736,0
csid_15737,0
csid_15738,1
csid_15739,0
csid_15740,1
csid_15741,0
csid_15742,0
csid_15743,1
csid_15744,0
csid_15745,0
csid_15746,1
csid_15747,0
csid_15748,0
csid_15749,1
csid_15750,0
csid_15751,1
csid_15752,1
csid_15753,1
csid_15754,0
csid_15755,1
csid_15756,1
csid_15757,1
csid_15758,1
csid_15759,1
csid_15760,1
csid_15761,0
csid_15762,0
csid_15763,0
csid_15764,0
csid_15765,0
csid_15766,0
csid_15767,0
csid_15768,0
csid_15769,0
csid_15770,0
csid_15771,1
csid_15772,1
csid_15773,0
csid_15774,0
csid_15775,0
csid_15776,0
csid_15777,1
csid_15778,1
csid_15779,1
csid_15780,0
csid_15781,0
csid_15782,1
csid_15783,0
csid_15784,1
csid_15785,0
csid_15786,0
csid_15787,0
csid_15788,1
csid_15789,0
csid_15790,0
csid_15791,0
csid_15792,1
csid_15793,1
csid_15794,0
csid_15795,0
csid_15796,0
csid_15797,0
csid_15798,0
csid_15799,1
csid_15800,0
csid_15801,0
csid_15802,0
csid_15803,0
csid_15804,1
csid_15805,0
csid_15806,0
csid_15807,1
csid_15808,0
csid_15809,1
csid_15810,1
csid_15811,1
csid_15812,0
csid_15813,0
csid_15814,0
csid_15815,0
csid_15816,0
csid_15817,0
csid_15818,0
csid_15819,0
csid_15820,0
csid_15821,0
csid_15822,1
csid_15823,1
csid_15824,0
csid_15825,0
csid_15826,0
csid_15827,1
csid_15828,0
csid_15829,1
csid_15830,1
csid_15831,0
csid_15832,0
csid_15833,1
csid_15834,0
csid_15835,0
csid_15836,0
csid_15837,0
csid_15838,1
csid_15839,0
csid_15840,0
csid_15841,0
csid_15842,1
csid_15843,0
csid_15844,1
csid_15845,0
csid_15846,0
csid_15847,0
csid_15848,1
csid_15849,0
csid_15850,0
csid_15851,1
csid_15852,1
csid_15853,0
csid_15854,1
csid_15855,0
csid_15856,0
csid_15857,0
csid_15858,0
csid_15859,0
csid_15860,0
csid_15861,1
csid_15862,0
csid_15863,0
csid_15864,0
csid_15865,0
csid_15866,0
csid_15867,1
csid_15868,0
csid_15869,0
csid_15870,0
csid_15871,0
csid_15872,0
csid_15873,1
csid_15874,1
csid_15875,0
csid_15876,0
csid_15877,0
csid_15878,0
csid_15879,0
csid_15880,0
csid_15881,0
csid_15882,0
csid_15883,1
csid_15884,0
csid_15885,0
csid_15886,1
csid_15887,0
csid_15888,0
csid_15889,1
csid_15890,0
csid_15891,0
csid_15892,0
csid_15893,0
csid_15894,0
csid_15895,0
csid_15896,1
csid_15897,0
csid_15898,0
csid_15899,1
csid_15900,1
csid_15901,0
csid_15902,1
csid_15903,0
csid_15904,1
csid_15905,0
csid_15906,0
csid_15907,1
csid_15908,0
csid_15909,0
csid_15910,0
csid_15911,1
csid_15912,1
csid_15913,0
csid_15914,1
csid_15915,0
csid_15916,1
csid_15917,0
csid_15918,0
csid_15919,0
csid_15920,1
csid_15921,0
csid_15922,0
csid_15923,1
csid_15924,0
csid_15925,0
csid_15926,0
csid_15927,0
csid_15928,0
csid_15929,0
csid_15930,1
csid_15931,0
csid_15932,1
csid_15933,0
csid_15934,0
csid_15935,0
csid_15936,0
csid_15937,0
csid_15938,0
csid_15939,0
csid_15940,1
csid_15941,0
csid_15942,0
csid_15943,1
csid_15944,1
csid_15945,1
csid_15946,1
csid_15947,1
csid_15948,0
csid_15949,0
csid_15950,1
csid_15951,0
csid_15952,0
csid_15953,0
csid_15954,0
csid_15955,0
csid_15956,0
csid_15957,0
csid_15958,0
csid_15959,0
csid_15960,1
csid_15961,0
csid_15962,0
csid_15963,0
csid_15964,1
csid_15965,0
csid_15966,0
csid_15967,1
csid_15968,0
csid_15969,1
csid_15970,1
csid_15971,0
csid_15972,0
csid_15973,1
csid_15974,0
csid_15975,0
csid_15976,0
csid_15977,0
csid_15978,1
csid_15979,0
csid_15980,1
csid_15981,1
csid_15982,1
csid_15983,1
csid_15984,0
csid_15985,1
csid_15986,0
csid_15987,0
csid_15988,1
csid_15989,0
csid_15990,0
csid_15991,0
csid_15992,1
csid_15993,0
csid_15994,1
csid_15995,0
csid_15996,0
csid_15997,0
csid_15998,1
csid_15999,1
csid_16000,1
csid_16001,0
csid_16002,0
csid_16003,0
csid_16004,0
csid_16005,0
csid_16006,0
csid_16007,1
csid_16008,1
csid_16009,0
csid_16010,1
csid_16011,0
csid_16012,0
csid_16013,1
csid_16014,0
csid_16015,0
csid_16016,0
csid_16017,0
csid_16018,0
csid_16019,0
csid_16020,0
csid_16021,0
csid_16022,0
csid_16023,0
csid_16024,1
csid_16025,0
csid_16026,1
csid_16027,0
csid_16028,1
csid_16029,0
csid_16030,0
csid_16031,1
csid_16032,1
csid_16033,0
csid_16034,0
csid_16035,1
csid_16036,1
csid_16037,0
csid_16038,0
csid_16039,0
csid_16040,0
csid_16041,0
csid_16042,0
csid_16043,0
csid_16044,0
csid_16045,0
csid_16046,1
csid_16047,0
csid_16048,0
csid_16049,0
csid_16050,0
csid_16051,0
csid_16052,0
csid_16053,1
csid_16054,1
csid_16055,0
csid_16056,0
csid_16057,0
csid_16058,0
csid_16059,1
csid_16060,1
csid_16061,1
csid_16062,0
csid_16063,1
csid_16064,1
csid_16065,0
csid_16066,0
csid_16067,1
csid_16068,0
csid_16069,0
csid_16070,0
csid_16071,1
csid_16072,0
csid_16073,0
csid_16074,0
csid_16075,1
csid_16076,0
csid_16077,1
csid_16078,1
csid_16079,1
csid_16080,0
csid_16081,0
csid_16082,1
csid_16083,0
csid_16084,1
csid_16085,0
csid_16086,1
csid_16087,0
csid_16088,0
csid_16089,1
csid_16090,0
csid_16091,0
csid_16092,0
csid_16093,0
csid_16094,0
csid_16095,0
csid_16096,0
csid_16097,0
csid_16098,0
csid_16099,0
csid_16100,0
csid_16101,0
csid_16102,0
csid_16103,1
csid_16104,1
csid_16105,0
csid_16106,1
csid_16107,0
csid_16108,0
csid_16109,0
csid_16110,1
csid_16111,0
csid_16112,0
csid_16113,0
csid_16114,0
csid_16115,0
csid_16116,1
csid_16117,0
csid_16118,1
csid_16119,0
csid_16120,0
csid_16121,1
csid_16122,1
csid_16123,1
csid_16124,0
csid_16125,0
csid_16126,0
csid_16127,0
csid_16128,1
csid_16129,1
csid_16130,1
csid_16131,0
csid_16132,1
csid_16133,0
csid_16134,0
csid_16135,1
csid_16136,1
csid_16137,0
csid_16138,0
csid_16139,1
csid_16140,0
csid_16141,0
csid_16142,0
csid_16143,0
csid_16144,0
csid_16145,0
csid_16146,0
csid_16147,0
csid_16148,0
csid_16149,1
csid_16150,0
csid_16151,1
csid_16152,0
csid_16153,0
csid_16154,0
csid_16155,0
csid_16156,1
csid_16157,1
csid_16158,1
csid_16159,1
csid_16160,0
csid_16161,0
csid_16162,0
csid_16163,1
csid_16164,1
csid_16165,0
csid_16166,0
csid_16167,0
csid_16168,1
csid_16169,0
csid_16170,1
csid_16171,0
csid_16172,0
csid_16173,1
csid_16174,1
csid_16175,0
csid_16176,1
csid_16177,0
csid_16178,0
csid_16179,1
csid_16180,1
csid_16181,1
csid_16182,1
csid_16183,1
csid_16184,0
csid_16185,0
csid_16186,0
csid_16187,0
csid_16188,0
csid_16189,0
csid_16190,0
csid_16191,1
csid_16192,0
csid_16193,0
csid_16194,1
csid_16195,0
csid_16196,1
csid_16197,0
csid_16198,0
csid_16199,0
csid_16200,0
csid_16201,0
csid_16202,0
csid_16203,0
csid_16204,0
csid_16205,0
csid_16206,0
csid_16207,0
csid_16208,1
csid_16209,0
csid_16210,1
csid_16211,1
csid_16212,0
csid_16213,0
csid_16214,0
csid_16215,0
csid_16216,0
csid_16217,1
csid_16218,0
csid_16219,0
csid_16220,0
csid_16221,0
csid_16222,0
csid_16223,1
csid_16224,0
csid_16225,1
csid_16226,1
csid_16227,0
csid_16228,1
csid_16229,1
csid_16230,0
csid_16231,0
csid_16232,0
csid_16233,1
csid_16234,0
csid_16235,0
csid_16236,0
csid_16237,0
csid_16238,1
csid_16239,1
csid_16240,1
csid_16241,1
csid_16242,0
csid_16243,0
csid_16244,0
csid_16245,0
csid_16246,1
csid_16247,0
csid_16248,0
csid_16249,0
csid_16250,0
csid_16251,1
csid_16252,1
csid_16253,0
csid_16254,1
csid_16255,1
csid_16256,1
csid_16257,0
csid_16258,0
csid_16259,0
csid_16260,0
csid_16261,1
csid_16262,0
csid_16263,0
csid_16264,1
csid_16265,1
csid_16266,0
csid_16267,0
csid_16268,0
csid_16269,0
csid_16270,0
csid_16271,1
csid_16272,0
csid_16273,0
csid_16274,0
csid_16275,1
csid_16276,0
csid_16277,0
csid_16278,1
csid_16279,0
csid_16280,1
csid_16281,0
csid_16282,0
csid_16283,0
csid_16284,1
csid_16285,1
csid_16286,1
csid_16287,1
csid_16288,0
csid_16289,0
csid_16290,0
csid_16291,0
csid_16292,1
csid_16293,0
csid_16294,0
csid_16295,1
csid_16296,0
csid_16297,0
csid_16298,0
csid_16299,0
csid_16300,0
csid_16301,0
csid_16302,0
csid_16303,0
csid_16304,1
csid_16305,0
csid_16306,0
csid_16307,0
csid_16308,1
csid_16309,0
csid_16310,1
csid_16311,1
csid_16312,0
csid_16313,0
csid_16314,0
csid_16315,0
csid_16316,0
csid_16317,1
csid_16318,0
csid_16319,1
csid_16320,0
csid_16321,0
csid_16322,1
csid_16323,1
csid_16324,0
csid_16325,1
csid_16326,1
csid_16327,0
csid_16328,0
csid_16329,1
csid_16330,0
csid_16331,1
csid_16332,0
csid_16333,0
csid_16334,1
csid_16335,0
csid_16336,0
csid_16337,0
csid_16338,0
csid_16339,1
csid_16340,0
csid_16341,0
csid_16342,0
csid_16343,0
csid_16344,0
csid_16345,0
csid_16346,0
csid_16347,0
csid_16348,0
csid_16349,0
csid_16350,0
csid_16351,0
csid_16352,0
csid_16353,0
csid_16354,1
csid_16355,1
csid_16356,1
csid_16357,0
csid_16358,0
csid_16359,0
csid_16360,0
csid_16361,1
csid_16362,0
csid_16363,0
csid_16364,0
csid_16365,0
csid_16366,0
csid_16367,0
csid_16368,0
csid_16369,0
csid_16370,0
csid_16371,1
csid_16372,0
csid_16373,0
csid_16374,0
csid_16375,0
csid_16376,1
csid_16377,0
csid_16378,0
csid_16379,0
csid_16380,1
csid_16381,1
csid_16382,1
csid_16383,0
csid_16384,1
csid_16385,1
csid_16386,0
csid_16387,0
csid_16388,0
csid_16389,1
csid_16390,0
csid_16391,0
csid_16392,1
csid_16393,0
csid_16394,0
csid_16395,0
csid_16396,1
csid_16397,0
csid_16398,0
csid_16399,1
csid_16400,0
csid_16401,0
csid_16402,0
csid_16403,0
csid_16404,0
csid_16405,0
csid_16406,1
csid_16407,0
csid_16408,1
csid_16409,0
csid_16410,0
csid_16411,0
csid_16412,1
csid_16413,0
csid_16414,0
csid_16415,0
csid_16416,0
csid_16417,1
csid_16418,0
csid_16419,0
csid_16420,1
csid_16421,0
csid_16422,0
csid_16423,0
csid_16424,0
csid_16425,1
csid_16426,0
csid_16427,0
csid_16428,1
csid_16429,0
csid_16430,0
csid_16431,0
csid_16432,1
csid_16433,0
csid_16434,1
csid_16435,0
csid_16436,0
csid_16437,0
csid_16438,0
csid_16439,0
csid_16440,1
csid_16441,1
csid_16442,0
csid_16443,0
csid_16444,1
csid_16445,0
csid_16446,0
csid_16447,0
csid_16448,0
csid_16449,1
csid_16450,0
csid_16451,1
csid_16452,0
csid_16453,0
csid_16454,0
csid_16455,0
csid_16456,0
csid_16457,0
csid_16458,0
csid_16459,0
csid_16460,0
csid_16461,1
csid_16462,1
csid_16463,1
csid_16464,0
csid_16465,0
csid_16466,0
csid_16467,1
csid_16468,0
csid_16469,0
csid_16470,0
csid_16471,0
csid_16472,1
csid_16473,0
csid_16474,0
csid_16475,0
csid_16476,1
csid_16477,0
csid_16478,1
csid_16479,1
csid_16480,0
csid_16481,0
csid_16482,0
csid_16483,1
csid_16484,0
csid_16485,0
csid_16486,0
csid_16487,1
csid_16488,0
csid_16489,0
csid_16490,0
csid_16491,0
csid_16492,1
csid_16493,1
csid_16494,1
csid_16495,0
csid_16496,0
csid_16497,0
csid_16498,0
csid_16499,1
csid_16500,0
csid_16501,0
csid_16502,0
csid_16503,1
csid_16504,0
csid_16505,0
csid_16506,0
csid_16507,0
csid_16508,0
csid_16509,1
csid_16510,0
csid_16511,0
csid_16512,1
csid_16513,0
csid_16514,0
csid_16515,0
csid_16516,1
csid_16517,0
csid_16518,1
csid_16519,1
csid_16520,1
csid_16521,0
csid_16522,1
csid_16523,0
csid_16524,0
csid_16525,0
csid_16526,1
csid_16527,1
csid_16528,1
csid_16529,0
csid_16530,1
csid_16531,1
csid_16532,0
csid_16533,0
csid_16534,1
csid_16535,0
csid_16536,1
csid_16537,0
csid_16538,0
csid_16539,1
csid_16540,0
csid_16541,0
csid_16542,0
csid_16543,0
csid_16544,0
csid_16545,0
csid_16546,1
csid_16547,0
csid_16548,0
csid_16549,0
csid_16550,1
csid_16551,0
csid_16552,0
csid_16553,0
csid_16554,0
csid_16555,1
csid_16556,1
csid_16557,1
csid_16558,0
csid_16559,1
csid_16560,1
csid_16561,1
csid_16562,1
csid_16563,1
csid_16564,1
csid_16565,0
csid_16566,0
csid_16567,0
csid_16568,0
csid_16569,1
csid_16570,0
csid_16571,0
csid_16572,0
csid_16573,0
csid_16574,1
csid_16575,0
csid_16576,0
csid_16577,1
csid_16578,0
csid_16579,1
csid_16580,0
csid_16581,1
csid_16582,1
csid_16583,1
csid_16584,1
csid_16585,0
csid_16586,0
csid_16587,0
csid_16588,0
csid_16589,0
csid_16590,0
csid_16591,1
csid_16592,0
csid_16593,1
csid_16594,0
csid_16595,1
csid_16596,0
csid_16597,0
csid_16598,0
csid_16599,0
csid_16600,1
csid_16601,0
csid_16602,0
csid_16603,0
csid_16604,0
csid_16605,0
csid_16606,0
csid_16607,1
csid_16608,0
csid_16609,1
csid_16610,1
csid_16611,0
csid_16612,1
csid_16613,1
csid_16614,0
csid_16615,0
csid_16616,0
csid_16617,0
csid_16618,0
csid_16619,1
csid_16620,0
csid_16621,0
csid_16622,0
csid_16623,0
csid_16624,0
csid_16625,1
csid_16626,1
csid_16627,0
csid_16628,1
csid_16629,0
csid_16630,0
csid_16631,0
csid_16632,1
csid_16633,0
csid_16634,0
csid_16635,0
csid_16636,1
csid_16637,0
csid_16638,0
csid_16639,0
csid_16640,1
csid_16641,0
csid_16642,0
csid_16643,1
csid_16644,0
csid_16645,1
csid_16646,0
csid_16647,0
csid_16648,0
csid_16649,0
csid_16650,0
csid_16651,0
csid_16652,0
csid_16653,0
csid_16654,0
csid_16655,1
csid_16656,1
csid_16657,0
csid_16658,0
csid_16659,0
csid_16660,0
csid_16661,0
csid_16662,0
csid_16663,0
csid_16664,0
csid_16665,0
csid_16666,0
csid_16667,1
csid_16668,0
csid_16669,1
csid_16670,0
csid_16671,0
csid_16672,0
csid_16673,0
csid_16674,0
csid_16675,0
csid_16676,0
csid_16677,0
csid_16678,1
csid_16679,0
csid_16680,0
csid_16681,0
csid_16682,0
csid_16683,0
csid_16684,1
csid_16685,1
csid_16686,1
csid_16687,0
csid_16688,1
csid_16689,0
csid_16690,0
csid_16691,0
csid_16692,1
csid_16693,0
csid_16694,0
csid_16695,0
csid_16696,1
csid_16697,0
csid_16698,0
csid_16699,0
csid_16700,0
csid_16701,0
csid_16702,0
csid_16703,1
csid_16704,0
csid_16705,0
csid_16706,0
csid_16707,0
csid_16708,0
csid_16709,0
csid_16710,1
csid_16711,0
csid_16712,0
csid_16713,0
csid_16714,0
csid_16715,1
csid_16716,0
csid_16717,0
csid_16718,0
csid_16719,0
csid_16720,0
csid_16721,0
csid_16722,1
csid_16723,0
csid_16724,0
csid_16725,0
csid_16726,0
csid_16727,1
csid_16728,0
csid_16729,0
csid_16730,0
csid_16731,0
csid_16732,0
csid_16733,0
csid_16734,0
csid_16735,0
csid_16736,1
csid_16737,1
csid_16738,0
csid_16739,0
csid_16740,1
csid_16741,0
csid_16742,0
csid_16743,1
csid_16744,0
csid_16745,0
csid_16746,0
csid_16747,1
csid_16748,0
csid_16749,0
csid_16750,0
csid_16751,0
csid_16752,0
csid_16753,1
csid_16754,0
csid_16755,0
csid_16756,0
csid_16757,1
csid_16758,0
csid_16759,0
csid_16760,0
csid_16761,0
csid_16762,1
csid_16763,0
csid_16764,0
csid_16765,0
csid_16766,0
csid_16767,0
csid_16768,0
csid_16769,0
csid_16770,0
csid_16771,0
csid_16772,0
csid_16773,0
csid_16774,0
csid_16775,0
csid_16776,0
csid_16777,1
csid_16778,1
csid_16779,0
csid_16780,0
csid_16781,0
csid_16782,0
csid_16783,0
csid_16784,0
csid_16785,0
csid_16786,0
csid_16787,1
csid_16788,0
csid_16789,1
csid_16790,0
csid_16791,0
csid_16792,0
csid_16793,0
csid_16794,1
csid_16795,0
csid_16796,0
csid_16797,0
csid_16798,1
csid_16799,0
csid_16800,0
csid_16801,1
csid_16802,0
csid_16803,1
csid_16804,1
csid_16805,1
csid_16806,0
csid_16807,0
csid_16808,0
csid_16809,0
csid_16810,0
csid_16811,0
csid_16812,0
csid_16813,1
csid_16814,0
csid_16815,1
csid_16816,0
csid_16817,0
csid_16818,0
csid_16819,1
csid_16820,1
csid_16821,0
csid_16822,0
csid_16823,0
csid_16824,0
csid_16825,0
csid_16826,0
csid_16827,0
csid_16828,0
csid_16829,1
csid_16830,0
csid_16831,0
csid_16832,0
csid_16833,0
csid_16834,1
csid_16835,0
csid_16836,0
csid_16837,1
csid_16838,0
csid_16839,0
csid_16840,0
csid_16841,1
csid_16842,1
csid_16843,1
csid_16844,1
csid_16845,0
csid_16846,0
csid_16847,0
csid_16848,0
csid_16849,0
csid_16850,0
csid_16851,0
csid_16852,0
csid_16853,0
csid_16854,0
csid_16855,0
csid_16856,1
csid_16857,0
csid_16858,0
csid_16859,0
csid_16860,0
csid_16861,0
csid_16862,0
csid_16863,1
csid_16864,0
csid_16865,1
csid_16866,1
csid_16867,0
csid_16868,0
csid_16869,0
csid_16870,1
csid_16871,1
csid_16872,0
csid_16873,1
csid_16874,0
csid_16875,1
csid_16876,0
csid_16877,1
csid_16878,1
csid_16879,0
csid_16880,0
csid_16881,0
csid_16882,1
csid_16883,0
csid_16884,0
csid_16885,0
csid_16886,1
csid_16887,0
csid_16888,0
csid_16889,0
csid_16890,0
csid_16891,0
csid_16892,0
csid_16893,0
csid_16894,0
csid_16895,0
csid_16896,0
csid_16897,0
csid_16898,0
csid_16899,1
csid_16900,0
csid_16901,0
csid_16902,0
csid_16903,0
csid_16904,0
csid_16905,1
csid_16906,1
csid_16907,0
csid_16908,1
csid_16909,0
csid_16910,0
csid_16911,1
csid_16912,0
csid_16913,0
csid_16914,0
csid_16915,0
csid_16916,1
csid_16917,0
csid_16918,0
csid_16919,1
csid_16920,1
csid_16921,1
csid_16922,0
csid_16923,0
csid_16924,0
csid_16925,0
csid_16926,0
csid_16927,0
csid_16928,0
csid_16929,0
csid_16930,0
csid_16931,0
csid_16932,0
csid_16933,0
csid_16934,0
csid_16935,1
csid_16936,1
csid_16937,0
csid_16938,0
csid_16939,0
csid_16940,1
csid_16941,1
csid_16942,0
csid_16943,0
csid_16944,0
csid_16945,1
csid_16946,1
csid_16947,1
csid_16948,1
csid_16949,0
csid_16950,0
csid_16951,0
csid_16952,1
csid_16953,0
csid_16954,0
csid_16955,0
csid_16956,0
csid_16957,0
csid_16958,1
csid_16959,1
csid_16960,0
csid_16961,0
csid_16962,1
csid_16963,1
csid_16964,0
csid_16965,0
csid_16966,1
csid_16967,0
csid_16968,0
csid_16969,0
csid_16970,0
csid_16971,0
csid_16972,1
csid_16973,1
csid_16974,0
csid_16975,0
csid_16976,0
csid_16977,0
csid_16978,0
csid_16979,0
csid_16980,0
csid_16981,1
csid_16982,1
csid_16983,0
csid_16984,1
csid_16985,0
csid_16986,0
csid_16987,0
csid_16988,0
csid_16989,0
csid_16990,0
csid_16991,0
csid_16992,0
csid_16993,1
csid_16994,0
csid_16995,1
csid_16996,0
csid_16997,0
csid_16998,1
csid_16999,1
csid_17000,0
csid_17001,1
csid_17002,0
csid_17003,0
csid_17004,1
csid_17005,1
csid_17006,0
csid_17007,0
csid_17008,0
csid_17009,0
csid_17010,0
csid_17011,0
csid_17012,0
csid_17013,0
csid_17014,0
csid_17015,1
csid_17016,0
csid_17017,1
csid_17018,1
csid_17019,0
csid_17020,1
csid_17021,0
csid_17022,1
csid_17023,0
csid_17024,0
csid_17025,0
csid_17026,0
csid_17027,0
csid_17028,0
csid_17029,0
csid_17030,0
csid_17031,0
csid_17032,0
csid_17033,0
csid_17034,1
csid_17035,1
csid_17036,0
csid_17037,1
csid_17038,0
csid_17039,0
csid_17040,1
csid_17041,0
csid_17042,0
csid_17043,1
csid_17044,1
csid_17045,0
csid_17046,0
csid_17047,0
csid_17048,0
csid_17049,0
csid_17050,1
csid_17051,0
csid_17052,0
csid_17053,0
csid_17054,1
csid_17055,0
csid_17056,0
csid_17057,0
csid_17058,0
csid_17059,1
csid_17060,0
csid_17061,1
csid_17062,0
csid_17063,1
csid_17064,1
csid_17065,0
csid_17066,1
csid_17067,1
csid_17068,1
csid_17069,0
csid_17070,1
csid_17071,1
csid_17072,0
csid_17073,0
csid_17074,1
csid_17075,0
csid_17076,0
csid_17077,0
csid_17078,0
csid_17079,0
csid_17080,0
csid_17081,0
csid_17082,1
csid_17083,0
csid_17084,1
csid_17085,0
csid_17086,0
csid_17087,1
csid_17088,1
csid_17089,0
csid_17090,1
csid_17091,0
csid_17092,1
csid_17093,1
csid_17094,0
csid_17095,1
csid_17096,0
csid_17097,0
csid_17098,1
csid_17099,0
csid_17100,0
csid_17101,0
csid_17102,0
csid_17103,1
csid_17104,0
csid_17105,0
csid_17106,0
csid_17107,0
csid_17108,0
csid_17109,1
csid_17110,1
csid_17111,0
csid_17112,1
csid_17113,0
csid_17114,0
csid_17115,0
csid_17116,0
csid_17117,0
csid_17118,0
csid_17119,1
csid_17120,0
csid_17121,0
csid_17122,0
csid_17123,1
csid_17124,0
csid_17125,0
csid_17126,0
csid_17127,0
csid_17128,1
csid_17129,0
csid_17130,0
csid_17131,1
csid_17132,0
csid_17133,0
csid_17134,0
csid_17135,0
csid_17136,0
csid_17137,1
csid_17138,1
csid_17139,1
csid_17140,0
csid_17141,0
csid_17142,0
csid_17143,0
csid_17144,1
csid_17145,0
csid_17146,1
csid_17147,0
csid_17148,0
csid_17149,0
csid_17150,1
csid_17151,1
csid_17152,1
csid_17153,0
csid_17154,0
csid_17155,0
csid_17156,0
csid_17157,1
csid_17158,1
csid_17159,1
csid_17160,1
csid_17161,0
csid_17162,0
csid_17163,0
csid_17164,0
csid_17165,0
csid_17166,1
csid_17167,1
csid_17168,0
csid_17169,1
csid_17170,0
csid_17171,0
csid_17172,0
csid_17173,1
csid_17174,0
csid_17175,1
csid_17176,0
csid_17177,0
csid_17178,1
csid_17179,0
csid_17180,1
csid_17181,0
csid_17182,1
csid_17183,0
csid_17184,0
csid_17185,0
csid_17186,0
csid_17187,0
csid_17188,0
csid_17189,0
csid_17190,0
csid_17191,1
csid_17192,1
csid_17193,0
csid_17194,0
csid_17195,0
csid_17196,0
csid_17197,1
csid_17198,0
csid_17199,1
csid_17200,0
csid_17201,0
csid_17202,0
csid_17203,1
csid_17204,0
csid_17205,1
csid_17206,1
csid_17207,0
csid_17208,0
csid_17209,1
csid_17210,1
csid_17211,1
csid_17212,0
csid_17213,0
csid_17214,1
csid_17215,0
csid_17216,1
csid_17217,0
csid_17218,1
csid_17219,0
csid_17220,1
csid_17221,1
csid_17222,0
csid_17223,0
csid_17224,0
csid_17225,0
csid_17226,0
csid_17227,1
csid_17228,0
csid_17229,1
csid_17230,0
csid_17231,1
csid_17232,0
csid_17233,0
csid_17234,0
csid_17235,0
csid_17236,1
csid_17237,0
csid_17238,0
csid_17239,1
csid_17240,1
csid_17241,0
csid_17242,1
csid_17243,0
csid_17244,0
csid_17245,0
csid_17246,0
csid_17247,0
csid_17248,1
csid_17249,0
csid_17250,0
csid_17251,0
csid_17252,0
csid_17253,0
csid_17254,0
csid_17255,0
csid_17256,0
csid_17257,0
csid_17258,0
csid_17259,0
csid_17260,0
csid_17261,0
csid_17262,0
csid_17263,1
csid_17264,0
csid_17265,1
csid_17266,0
csid_17267,1
csid_17268,0
csid_17269,0
csid_17270,0
csid_17271,0
csid_17272,0
csid_17273,1
csid_17274,0
csid_17275,0
csid_17276,0
csid_17277,0
csid_17278,0
csid_17279,0
csid_17280,0
csid_17281,0
csid_17282,0
csid_17283,0
csid_17284,0
csid_17285,0
csid_17286,0
csid_17287,0
csid_17288,0
csid_17289,0
csid_17290,0
csid_17291,0
csid_17292,0
csid_17293,0
csid_17294,0
csid_17295,0
csid_17296,0
csid_17297,0
csid_17298,0
csid_17299,1
csid_17300,0
csid_17301,0
csid_17302,1
csid_17303,1
csid_17304,0
csid_17305,1
csid_17306,0
csid_17307,1
csid_17308,0
csid_17309,0
csid_17310,1
csid_17311,0
csid_17312,0
csid_17313,0
csid_17314,0
csid_17315,0
csid_17316,1
csid_17317,0
csid_17318,0
csid_17319,0
csid_17320,0
csid_17321,0
csid_17322,0
csid_17323,1
csid_17324,1
csid_17325,0
csid_17326,0
csid_17327,0
csid_17328,1
csid_17329,0
csid_17330,0
csid_17331,0
csid_17332,1
csid_17333,1
csid_17334,1
csid_17335,0
csid_17336,0
csid_17337,1
csid_17338,0
csid_17339,0
csid_17340,0
csid_17341,0
csid_17342,0
csid_17343,1
csid_17344,1
csid_17345,1
csid_17346,0
csid_17347,0
csid_17348,0
csid_17349,1
csid_17350,1
csid_17351,1
csid_17352,1
csid_17353,0
csid_17354,1
csid_17355,0
csid_17356,0
csid_17357,1
csid_17358,0
csid_17359,0
csid_17360,0
csid_17361,0
csid_17362,0
csid_17363,0
csid_17364,0
csid_17365,0
csid_17366,0
csid_17367,0
csid_17368,0
csid_17369,0
csid_17370,0
csid_17371,0
csid_17372,1
csid_17373,0
csid_17374,0
csid_17375,0
csid_17376,0
csid_17377,1
csid_17378,0
csid_17379,0
csid_17380,0
csid_17381,0
csid_17382,0
csid_17383,1
csid_17384,0
csid_17385,0
csid_17386,0
csid_17387,0
csid_17388,0
csid_17389,0
csid_17390,0
csid_17391,1
csid_17392,0
csid_17393,1
csid_17394,0
csid_17395,0
csid_17396,0
csid_17397,1
csid_17398,1
csid_17399,0
csid_17400,0
csid_17401,0
csid_17402,1
csid_17403,0
csid_17404,0
csid_17405,0
csid_17406,0
csid_17407,0
csid_17408,1
csid_17409,0
csid_17410,0
csid_17411,1
csid_17412,0
csid_17413,0
csid_17414,1
csid_17415,0
csid_17416,0
csid_17417,0
csid_17418,1
csid_17419,0
csid_17420,0
csid_17421,0
csid_17422,0
csid_17423,1
csid_17424,1
csid_17425,1
csid_17426,1
csid_17427,0
csid_17428,1
csid_17429,1
csid_17430,0
csid_17431,1
csid_17432,0
csid_17433,0
csid_17434,0
csid_17435,1
csid_17436,1
csid_17437,0
csid_17438,0
csid_17439,0
csid_17440,0
csid_17441,0
csid_17442,1
csid_17443,1
csid_17444,0
csid_17445,0
csid_17446,0
csid_17447,1
csid_17448,0
csid_17449,1
csid_17450,0
csid_17451,0
csid_17452,1
csid_17453,0
csid_17454,0
csid_17455,0
csid_17456,0
csid_17457,1
csid_17458,0
csid_17459,0
csid_17460,1
csid_17461,1
csid_17462,0
csid_17463,1
csid_17464,0
csid_17465,0
csid_17466,0
csid_17467,1
csid_17468,0
csid_17469,1
csid_17470,1
csid_17471,0
csid_17472,0
csid_17473,1
csid_17474,1
csid_17475,0
csid_17476,1
csid_17477,0
csid_17478,0
csid_17479,1
csid_17480,0
csid_17481,1
csid_17482,1
csid_17483,0
csid_17484,0
csid_17485,0
csid_17486,0
csid_17487,0
csid_17488,0
csid_17489,0
csid_17490,0
csid_17491,0
csid_17492,0
csid_17493,0
csid_17494,0
csid_17495,0
csid_17496,0
csid_17497,0
csid_17498,0
csid_17499,1
csid_17500,1
csid_17501,1
csid_17502,0
csid_17503,0
csid_17504,0
csid_17505,0
csid_17506,0
csid_17507,0
csid_17508,0
csid_17509,0
csid_17510,0
csid_17511,0
csid_17512,0
csid_17513,1
csid_17514,0
csid_17515,0
csid_17516,0
csid_17517,0
csid_17518,0
csid_17519,0
csid_17520,0
csid_17521,0
csid_17522,0
csid_17523,0
csid_17524,0
csid_17525,0
csid_17526,0
csid_17527,1
csid_17528,1
csid_17529,0
csid_17530,0
csid_17531,0
csid_17532,0
csid_17533,0
csid_17534,0
csid_17535,1
csid_17536,0
csid_17537,0
csid_17538,0
csid_17539,0
csid_17540,0
csid_17541,0
csid_17542,0
csid_17543,1
csid_17544,1
csid_17545,0
csid_17546,0
csid_17547,1
csid_17548,1
csid_17549,0
csid_17550,0
csid_17551,1
csid_17552,0
csid_17553,0
csid_17554,0
csid_17555,1
csid_17556,0
csid_17557,1
csid_17558,0
csid_17559,1
csid_17560,0
csid_17561,0
csid_17562,1
csid_17563,0
csid_17564,0
csid_17565,0
csid_17566,1
csid_17567,0
csid_17568,1
csid_17569,0
csid_17570,0
csid_17571,0
csid_17572,0
csid_17573,0
csid_17574,0
csid_17575,1
csid_17576,0
csid_17577,0
csid_17578,0
csid_17579,1
csid_17580,0
csid_17581,0
csid_17582,1
csid_17583,0
csid_17584,1
csid_17585,0
csid_17586,0
csid_17587,0
csid_17588,0
csid_17589,1
csid_17590,1
csid_17591,1
csid_17592,0
csid_17593,0
csid_17594,1
csid_17595,0
csid_17596,0
csid_17597,1
csid_17598,0
csid_17599,0
csid_17600,0
csid_17601,1
csid_17602,1
csid_17603,1
csid_17604,0
csid_17605,0
csid_17606,0
csid_17607,0
csid_17608,0
csid_17609,0
csid_17610,0
csid_17611,0
csid_17612,0
csid_17613,1
csid_17614,1
csid_17615,0
csid_17616,0
csid_17617,0
csid_17618,0
csid_17619,0
csid_17620,0
csid_17621,0
csid_17622,1
csid_17623,0
csid_17624,0
csid_17625,1
csid_17626,0
csid_17627,0
csid_17628,1
csid_17629,0
csid_17630,0
csid_17631,0
csid_17632,1
csid_17633,0
csid_17634,0
csid_17635,0
csid_17636,0
csid_17637,1
csid_17638,1
csid_17639,0
csid_17640,1
csid_17641,0
csid_17642,0
csid_17643,0
csid_17644,1
csid_17645,0
csid_17646,0
csid_17647,1
csid_17648,0
csid_17649,0
csid_17650,1
csid_17651,1
csid_17652,0
csid_17653,0
csid_17654,0
csid_17655,0
csid_17656,1
csid_17657,1
csid_17658,0
csid_17659,1
csid_17660,1
csid_17661,0
csid_17662,0
csid_17663,0
csid_17664,0
csid_17665,0
csid_17666,1
csid_17667,0
csid_17668,1
csid_17669,0
csid_17670,0
csid_17671,1
csid_17672,0
csid_17673,0
csid_17674,0
csid_17675,0
csid_17676,1
csid_17677,1
csid_17678,1
csid_17679,0
csid_17680,0
csid_17681,0
csid_17682,0
csid_17683,0
csid_17684,1
csid_17685,0
csid_17686,0
csid_17687,0
csid_17688,0
csid_17689,0
csid_17690,0
csid_17691,0
csid_17692,0
csid_17693,0
csid_17694,1
csid_17695,1
csid_17696,1
csid_17697,0
csid_17698,1
csid_17699,0
csid_17700,0
csid_17701,0
csid_17702,0
csid_17703,1
csid_17704,0
csid_17705,0
csid_17706,0
csid_17707,0
csid_17708,0
csid_17709,0
csid_17710,0
csid_17711,0
csid_17712,0
csid_17713,1
csid_17714,0
csid_17715,0
csid_17716,0
csid_17717,0
csid_17718,0
csid_17719,0
csid_17720,0
csid_17721,1
csid_17722,0
csid_17723,0
csid_17724,0
csid_17725,0
csid_17726,1
csid_17727,0
csid_17728,0
csid_17729,0
csid_17730,0
csid_17731,0
csid_17732,0
csid_17733,0
csid_17734,0
csid_17735,1
csid_17736,1
csid_17737,0
csid_17738,0
csid_17739,0
csid_17740,0
csid_17741,1
csid_17742,0
csid_17743,1
csid_17744,0
csid_17745,1
csid_17746,0
csid_17747,0
csid_17748,1
csid_17749,0
csid_17750,0
csid_17751,0
csid_17752,0
csid_17753,0
csid_17754,0
csid_17755,0
csid_17756,0
csid_17757,1
csid_17758,1
csid_17759,0
csid_17760,0
csid_17761,0
csid_17762,0
csid_17763,0
csid_17764,0
csid_17765,0
csid_17766,0
csid_17767,1
csid_17768,1
csid_17769,0
csid_17770,0
csid_17771,1
csid_17772,0
csid_17773,0
csid_17774,0
csid_17775,0
csid_17776,1
csid_17777,0
csid_17778,0
csid_17779,0
csid_17780,1
csid_17781,0
csid_17782,0
csid_17783,0
csid_17784,0
csid_17785,0
csid_17786,0
csid_17787,0
csid_17788,0
csid_17789,0
csid_17790,0
csid_17791,0
csid_17792,0
csid_17793,1
csid_17794,1
csid_17795,0
csid_17796,0
csid_17797,0
csid_17798,0
csid_17799,1
csid_17800,0
csid_17801,1
csid_17802,0
csid_17803,0
csid_17804,0
csid_17805,0
csid_17806,1
csid_17807,0
csid_17808,0
csid_17809,0
csid_17810,0
csid_17811,0
csid_17812,0
csid_17813,0
csid_17814,0
csid_17815,0
csid_17816,0
csid_17817,1
csid_17818,0
csid_17819,0
csid_17820,1
csid_17821,1
csid_17822,0
csid_17823,1
csid_17824,0
csid_17825,0
csid_17826,1
csid_17827,0
csid_17828,0
csid_17829,0
csid_17830,1
csid_17831,0
csid_17832,0
csid_17833,1
csid_17834,0
csid_17835,0
csid_17836,0
csid_17837,0
csid_17838,0
csid_17839,1
csid_17840,1
csid_17841,0
csid_17842,0
csid_17843,0
csid_17844,1
csid_17845,1
csid_17846,0
csid_17847,0
csid_17848,0
csid_17849,1
csid_17850,0
csid_17851,0
csid_17852,1
csid_17853,0
csid_17854,0
csid_17855,0
csid_17856,1
csid_17857,0
csid_17858,0
csid_17859,0
csid_17860,0
csid_17861,1
csid_17862,0
csid_17863,0
csid_17864,0
csid_17865,0
csid_17866,1
csid_17867,0
csid_17868,0
csid_17869,0
csid_17870,1
csid_17871,1
csid_17872,0
csid_17873,0
csid_17874,0
csid_17875,0
csid_17876,0
csid_17877,0
csid_17878,0
csid_17879,1
csid_17880,1
csid_17881,0
csid_17882,0
csid_17883,0
csid_17884,0
csid_17885,0
csid_17886,0
csid_17887,0
csid_17888,0
csid_17889,0
csid_17890,0
csid_17891,0
csid_17892,0
csid_17893,0
csid_17894,0
csid_17895,1
csid_17896,1
csid_17897,0
csid_17898,0
